region_id,region_name,avg_inflow,avg_inflow_pop_pct,total_inflow,n_decades
1101,Madeira-Guaporé,49056.01252102852,13.300067833127098,196224.05008411407,4
1102,Leste Rondoniense,82208.05762585998,17.311661372095173,328832.2305034399,4
1201,Vale do Juruá,2391.7203387618065,1.516473730310698,9566.881355047226,4
1202,Vale do Acre,15302.668774813414,4.732323745290658,61210.675099253654,4
1301,Norte Amazonense,2408.1692848205566,2.766874410255636,9632.677139282227,4
1302,Sudoeste Amazonense,3655.5649704039097,1.3158464606550262,14622.259881615639,4
1303,Centro Amazonense,70121.00652486086,3.916220894955467,280484.02609944344,4
1304,Sul Amazonense,6772.459163784981,2.9872457766913603,27089.836655139923,4
1401,Norte de Roraima,23993.228638917208,12.872029277796786,95972.91455566883,4
1402,Sul de Roraima,8340.829449146986,21.462540360878414,33363.317796587944,4
1501,Baixo Amazonas,25599.11666971445,4.588328225576053,102396.4666788578,4
1502,Marajó,8533.182554841042,2.481373124634807,34132.730219364166,4
1503,Metropolitana de Belém,109412.75536614656,6.50042017604836,437651.02146458626,4
1504,Nordeste Paraense,45214.3741402328,3.3714151816810447,180857.4965609312,4
1505,Sudoeste Paraense,30023.848840415478,13.047899450655606,120095.39536166191,4
1506,Sudeste Paraense,123362.83645290136,17.132209141945264,493451.34581160545,4
1601,Norte do Amapá,3105.890838444233,8.774056473050152,12423.563353776932,4
1602,Sul do Amapá,28869.20794507861,8.185862241712496,115476.83178031445,4
1701,Ocidental do Tocantins,62276.9385420382,9.285649586810855,249107.7541681528,4
1702,Oriental do Tocantins,37947.47279703617,10.164872709168387,151789.89118814468,4
2101,Norte Maranhense,58276.75072389841,3.052904931654732,233107.00289559364,4
2102,Oeste Maranhense,78153.67996329069,8.082699303049658,312614.71985316277,4
2103,Centro Maranhense,31611.767006754875,3.949652860125151,126447.0680270195,4
2104,Leste Maranhense,34684.2092936337,3.172485935891283,138736.8371745348,4
2105,Sul Maranhense,13384.261984288692,5.566488446989661,53537.04793715477,4
2201,Norte Piauiense,18214.698532819748,3.3369481528246645,72858.79413127899,4
2202,Centro-Norte Piauiense,51935.40464434028,4.478917446686596,207741.6185773611,4
2203,Sudoeste Piauiense,15936.427870362997,3.5922148072962443,63745.71148145199,4
2204,Sudeste Piauiense,13513.941544175148,2.9804980809620525,54055.76617670059,4
2301,Noroeste Cearense,29322.335277587175,2.595579138214464,117289.3411103487,4
2302,Norte Cearense,31172.62383940816,3.765848513191623,124690.49535763264,4
2303,Metropolitana de Fortaleza,165692.03023403883,7.427140305199217,662768.1209361553,4
2304,Sertões Cearenses,26052.307204961777,3.2198903951675995,104209.2288198471,4
2305,Jaguaribe,16341.37305662036,3.575786583880949,65365.49222648144,4
2306,Centro-Sul Cearense,15771.681060016155,4.668185759396836,63086.72424006462,4
2307,Sul Cearense,30407.18771085143,4.161374401579265,121628.75084340572,4
2401,Oeste Potiguar,25160.1562743783,3.680474327745711,100640.6250975132,4
2402,Central Potiguar,16579.54260277748,4.909431461348547,66318.17041110992,4
2403,Agreste Potiguar,16579.507277578115,4.488073686419348,66318.02911031246,4
2404,Leste Potiguar,83010.68850234151,8.068675489331481,332042.75400936604,4
2501,Sertão Paraibano,24568.72703257203,3.0260641331257667,98274.90813028812,4
2502,Borborema,11778.193253785372,4.265359094536954,47112.77301514149,4
2503,Agreste Paraibano,42264.33190000057,3.8332031681905647,169057.3276000023,4
2504,Mata Paraibana,66813.59959638119,6.5648544766858326,267254.39838552475,4
2601,Sertão Pernambucano,38376.16264817119,4.400518559520265,153504.65059268475,4
2602,São Francisco Pernambucano,33595.71634733677,8.715430428489764,134382.86538934708,4
2603,Agreste Pernambucano,65708.34265309572,3.4320322558168304,262833.3706123829,4
2604,Mata Pernambucana,41921.14443689585,3.650496757016729,167684.5777475834,4
2605,Metropolitana de Recife,128559.90924292803,4.462757585220495,514239.6369717121,4
2701,Sertão Alagoano,13648.549724131823,3.6469909744453486,54594.19889652729,4
2702,Agreste Alagoano,21676.139323472977,4.061265182873063,86704.5572938919,4
2703,Leste Alagoano,52791.78960299492,3.367380219949264,211167.15841197968,4
2801,Sertão Sergipano,9047.247712492943,4.991223248880806,36188.99084997177,4
2802,Agreste Sergipano,16402.578784883022,4.388364602321814,65610.31513953209,4
2803,Leste Sergipano,52670.84419208765,5.344111147370955,210683.3767683506,4
2901,Extremo Oeste Baiano,25333.079524606466,5.30650308108177,101332.31809842587,4
2902,Vale São-Franciscano da Bahia,45732.304242014885,5.899186483960534,182929.21696805954,4
2903,Centro Norte Baiano,67671.16581892967,3.508454729384969,270684.6632757187,4
2904,Nordeste Baiano,37768.34198948741,2.794777539908689,151073.36795794964,4
2905,Metropolitana de Salvador,137926.30496910214,4.3949063405018824,551705.2198764086,4
2906,Centro Sul Baiano,59876.39418402314,2.6096583852479887,239505.57673609257,4
2907,Sul Baiano,69227.4651029706,3.8261915756796037,276909.8604118824,4
3101,Noroeste de Minas,18978.49909994006,6.018979377286176,75913.99639976025,4
3102,Norte de Minas,35210.31223061681,2.564126338050034,140841.24892246723,4
3103,Jequitinhonha,18185.11450150609,2.75704546034427,72740.45800602436,4
3104,Vale do Mucuri,15667.966012001038,4.070247364158521,62671.86404800415,4
3105,Triângulo Mineiro/Alto Paranaíba,106859.37448742986,6.277140675531357,427437.4979497194,4
3106,Central Mineira,18581.651936531067,5.143578897642228,74326.60774612427,4
3107,Metropolitana de Belo Horizonte,255546.93715921044,5.586227021254217,1022187.7486368418,4
3108,Vale do Rio Doce,59664.501027047634,4.018367351721107,238658.00410819054,4
3109,Oeste de Minas,38583.281164616346,4.895800553146729,154333.12465846539,4
3110,Sul/Sudoeste de Minas,99400.79878410697,4.889212482217505,397603.1951364279,4
3111,Campo das Vertentes,21345.981844872236,4.46795499842606,85383.92737948895,4
3112,Zona da Mata,69650.72086304426,3.6644342505833256,278602.88345217705,4
3201,Noroeste Espírito-santense,22188.939697653055,5.850936488045679,88755.75879061222,4
3202,Litoral Norte Espírito-santense,34250.44252473116,8.11155426017132,137001.77009892464,4
3203,Central Espírito-santense,120388.39699265361,8.76251949770988,481553.58797061443,4
3204,Sul Espírito-santense,20841.779450029135,4.413127914798903,83367.11780011654,4
3301,Noroeste Fluminense,11981.626907676458,4.321392518562954,47926.50763070583,4
3302,Norte Fluminense,26884.87681606412,3.8845612339604623,107539.50726425648,4
3303,Centro Fluminense,19278.539369285107,4.6231282256675446,77114.15747714043,4
3304,Baixadas,54540.56026250124,12.22453834256717,218162.24105000496,4
3305,Sul Fluminense,43468.329661250114,5.288481022105052,173873.31864500046,4
3306,Metropolitana do Rio de Janeiro,281738.3194190264,2.6660304476965995,1126953.2776761055,4
3501,São José do Rio Preto,86464.85067033768,6.655603823910868,345859.4026813507,4
3502,Ribeirão Preto,112598.46736490726,6.277462277685289,450393.86945962906,4
3503,Araçatuba,45472.8299125731,7.769560412658604,181891.3196502924,4
3504,Bauru,84366.96972808242,7.414870222764293,337467.8789123297,4
3505,Araraquara,52271.206492602825,8.702629893209354,209084.8259704113,4
3506,Piracicaba,82438.46322986484,8.203604221030702,329753.85291945934,4
3507,Campinas,263662.5906627774,10.078232478513156,1054650.3626511097,4
3508,Presidente Prudente,53885.124955415726,7.085677434483784,215540.4998216629,4
3509,Marília,29264.384912222624,7.760809353745832,117057.5396488905,4
3510,Assis,32817.85289940238,7.08015383919341,131271.41159760952,4
3511,Itapetininga,44621.20449915528,6.706288595745904,178484.81799662113,4
3512,Macro Metropolitana Paulista,182316.03308835626,10.116219744330378,729264.132353425,4
3513,Vale do Paraíba Paulista,117487.25042235851,7.16034492958933,469949.00168943405,4
3514,Litoral Sul Paulista,41339.41771441698,11.580294699029343,165357.67085766792,4
3515,Metropolitana de São Paulo,908519.6218850911,5.585568521573052,3634078.4875403643,4
4101,Noroeste Paranaense,48299.01664984226,7.0105246933672385,193196.06659936905,4
4102,Centro Ocidental Paranaense,27942.275620996952,7.488109858024514,111769.10248398781,4
4103,Norte Central Paranaense,125319.87742775679,7.388691193756148,501279.50971102715,4
4104,Norte Pioneiro Paranaense,28045.536852568388,5.053664036265834,112182.14741027355,4
4105,Centro Oriental Paranaense,34100.172291100025,6.136511944871533,136400.6891644001,4
4106,Oeste Paranaense,84622.00771471858,8.041787441936131,338488.0308588743,4
4107,Sudoeste Paranaense,30122.156731456518,6.0580694920194675,120488.62692582607,4
4108,Centro-Sul Paranaense,34369.45633211732,6.743918684132805,137477.82532846928,4
4109,Sudeste Paranaense,15731.93632376194,4.524206811686634,62927.74529504776,4
4110,Metropolitana de Curitiba,210199.95155662298,8.732387216379689,840799.8062264919,4
4201,Oeste Catarinense,51169.62411528826,4.8407721273874325,204678.49646115303,4
4202,Norte Catarinense,73748.11397492886,8.57126853606734,294992.4558997154,4
4203,Serrana,15928.225304603577,4.1984854573998085,63712.90121841431,4
4204,Vale do Itajaí,86924.884567976,7.686978189743962,347699.538271904,4
4205,Grande Florianópolis,66860.70882895589,9.429405053549795,267442.83531582355,4
4206,Sul Catarinense,31840.708263099194,4.237489815872766,127362.83305239677,4
4301,Noroeste Rio-grandense,52485.68935853243,2.708202887065514,209942.75743412971,4
4302,Nordeste Rio-grandense,52448.448407918215,6.186235962383914,209793.79363167286,4
4303,Centro Ocidental Rio-grandense,26471.162497729063,5.416336649218559,105884.64999091625,4
4304,Centro Oriental Rio-grandense,31683.99513170123,4.633228004464537,126735.98052680492,4
4305,Metropolitana de Porto Alegre,192708.64533686638,5.323998416510823,770834.5813474655,4
4306,Sudoeste Rio-grandense,26746.386280447245,3.930277838712623,106985.54512178898,4
4307,Sudeste Rio-grandense,24394.118636220694,2.9526825553139915,97576.47454488277,4
5001,Pantanais Sul Mato-grossense,14677.827158778906,7.1265389642323385,58711.30863511562,4
5002,Centro Norte de Mato Grosso do Sul,78561.28615874052,12.404801187959311,314245.1446349621,4
5003,Leste de Mato Grosso do Sul,35407.78788781166,12.585164274488509,141631.15155124664,4
5004,Sudoeste de Mato Grosso do Sul,55794.79184836149,8.68690083004249,223179.16739344597,4
5101,Norte Mato-grossense,103754.45811754465,28.013368167814203,415017.8324701786,4
5102,Nordeste Mato-grossense,23790.243514209986,13.967829848881692,95160.97405683994,4
5103,Sudoeste Mato-grossense,29788.664984047413,12.773598438307333,119154.65993618965,4
5104,Centro-Sul Mato-grossense,60545.07273104787,8.558379063647912,242180.29092419147,4
5105,Sudeste Mato-grossense,34170.5459497571,10.703962022162703,136682.1837990284,4
5201,Noroeste Goiano,21258.1737331748,10.142215440669327,85032.6949326992,4
5202,Norte Goiano,25278.40965259075,9.516413487079319,101113.638610363,4
5203,Centro Goiano,178674.67233636975,8.058624258538137,714698.689345479,4
5204,Leste Goiano,120589.56129351258,17.307817706456465,482358.24517405033,4
5205,Sul Goiano,73380.08257690072,7.185497821437417,293520.3303076029,4
5301,Distrito Federal,210937.33332809806,12.921475954111221,843749.3333123922,4
