decade,dest_id,inflow,dest_pop,dest_name,inflow_pop_pct
1980,1101,23001.0,168633.0,Madeira-Guaporé,13.639679066374908
1980,1102,147316.0,322392.0,Leste Rondoniense,45.6946822501799
1980,1201,1137.0,105777.0,Vale do Juruá,1.0749028616807057
1980,1202,11719.0,195499.0,Vale do Acre,5.994404063447895
1980,1301,1513.0,49403.0,Norte Amazonense,3.0625670505839726
1980,1302,1967.0,163811.0,Sudoeste Amazonense,1.200774062791876
1980,1303,47547.0,1052803.0,Centro Amazonense,4.51622953202071
1980,1304,4567.0,164511.0,Sul Amazonense,2.776106157035092
1980,1401,8602.0,67017.0,Norte de Roraima,12.835549189011743
1980,1402,3969.0,12104.0,Sul de Roraima,32.79081295439524
1980,1501,36019.0,467422.0,Baixo Amazonas,7.705884618182285
1980,1502,13806.0,283029.0,Marajó,4.8779453695557695
1980,1503,107551.0,1175563.0,Metropolitana de Belém,9.148892913438072
1980,1504,39904.0,1008983.0,Nordeste Paraense,3.9548733724948786
1980,1505,27353.0,104209.0,Sudoeste Paraense,26.24821272634801
1980,1506,127895.0,364292.0,Sudeste Paraense,35.1078255904604
1980,1601,1265.0,17373.0,Norte do Amapá,7.281413687906522
1980,1602,14578.0,157885.0,Sul do Amapá,9.23330272033442
1980,1701,66838.0,527080.0,Ocidental do Tocantins,12.680807467557107
1980,1702,12098.0,211969.0,Oriental do Tocantins,5.707438351834466
1980,2101,51396.0,1425215.0,Norte Maranhense,3.6061927498658095
1980,2102,105980.0,733355.0,Oeste Maranhense,14.451391208896101
1980,2103,41217.0,734298.0,Centro Maranhense,5.61311620077952
1980,2104,36420.0,934489.0,Leste Maranhense,3.897317143379965
1980,2105,8507.0,169087.0,Sul Maranhense,5.031137816626943
1980,2201,14331.0,460343.0,Norte Piauiense,3.1131134827726283
1980,2202,47993.0,906084.0,Centro-Norte Piauiense,5.296749528741264
1980,2203,15079.0,380967.0,Sudoeste Piauiense,3.958085608464775
1980,2204,11438.0,391802.0,Sudeste Piauiense,2.9193317032582784
1980,2301,15902.0,902503.0,Noroeste Cearense,1.7619886028079685
1980,2302,22762.0,672581.0,Norte Cearense,3.3842763919884744
1980,2303,216575.0,1627050.0,Metropolitana de Fortaleza,13.310900095264437
1980,2304,21700.0,773234.0,Sertões Cearenses,2.8063949593525375
1980,2305,13647.0,387827.0,Jaguaribe,3.5188370072222925
1980,2306,17254.0,306177.0,Centro-Sul Cearense,5.6353024557690485
1980,2307,29662.0,619057.0,Sul Cearense,4.7914812367843345
1980,2401,25969.0,568272.0,Oeste Potiguar,4.5698186783793675
1980,2402,17328.0,299749.0,Central Potiguar,5.780836633316541
1980,2403,15200.0,317615.0,Agreste Potiguar,4.785668183177747
1980,2404,83729.0,713199.0,Leste Potiguar,11.739921115985862
1980,2501,19408.0,764450.0,Sertão Paraibano,2.538818758584603
1980,2502,11725.0,263526.0,Borborema,4.449276352238488
1980,2503,41744.0,996924.0,Agreste Paraibano,4.187280073506105
1980,2504,66089.0,745446.0,Mata Paraibana,8.865699192161472
1980,2601,39004.0,781957.0,Sertão Pernambucano,4.987998061274469
1980,2602,33896.0,271873.0,São Francisco Pernambucano,12.467585968448503
1980,2603,57285.0,1666418.0,Agreste Pernambucano,3.437612891843463
1980,2604,50052.0,1035528.0,Mata Pernambucana,4.833476255591351
1980,2605,168772.0,2387727.0,Metropolitana de Recife,7.068312248427061
1980,2701,12532.0,315923.0,Sertão Alagoano,3.966789375892227
1980,2702,23896.0,453509.0,Agreste Alagoano,5.269134680899387
1980,2703,56382.0,1213483.0,Leste Alagoano,4.646295003720695
1980,2801,9703.0,152206.0,Sertão Sergipano,6.374912946927191
1980,2802,11237.0,295095.0,Agreste Sergipano,3.807926261034582
1980,2803,48933.0,693078.0,Leste Sergipano,7.06024430150719
1980,2901,12659.0,345927.0,Extremo Oeste Baiano,3.659442599161095
1980,2902,52878.0,631596.0,Vale São-Franciscano da Bahia,8.37212395265328
1980,2903,65567.0,1590455.0,Centro Norte Baiano,4.122530973840819
1980,2904,27365.0,1089708.0,Nordeste Baiano,2.5112231900655955
1980,2905,147337.0,2361515.0,Metropolitana de Salvador,6.239088043057105
1980,2906,46006.0,1901887.0,Centro Sul Baiano,2.418966005866805
1980,2907,68787.0,1534304.0,Sul Baiano,4.483270590443615
1980,3101,21881.0,278914.0,Noroeste de Minas,7.84507052353055
1980,3102,31490.0,1127127.0,Norte de Minas,2.793828911914984
1980,3103,14381.0,604176.0,Jequitinhonha,2.3802666772596064
1980,3104,17728.0,387772.0,Vale do Mucuri,4.571758662306716
1980,3105,101869.0,1337305.0,Triângulo Mineiro/Alto Paranaíba,7.617484418289021
1980,3106,16794.0,312667.0,Central Mineira,5.371209625576092
1980,3107,343406.0,3598468.0,Metropolitana de Belo Horizonte,9.543116681876842
1980,3108,72055.0,1394262.0,Vale do Rio Doce,5.167966996159976
1980,3109,31022.0,618946.0,Oeste de Minas,5.012068904233972
1980,3110,101258.0,1667651.0,Sul/Sudoeste de Minas,6.071893939439367
1980,3111,23140.0,413851.0,Campo das Vertentes,5.591384338807928
1980,3112,64832.0,1638966.0,Zona da Mata,3.9556647300798184
1980,3201,29309.0,363320.0,Noroeste Espírito-santense,8.066993284157217
1980,3202,29105.0,320837.0,Litoral Norte Espírito-santense,9.071584636435324
1980,3203,119745.0,955452.0,Central Espírito-santense,12.532811695406991
1980,3204,19960.0,383729.0,Sul Espírito-santense,5.2015875787339505
1980,3301,8777.0,229782.0,Noroeste Fluminense,3.81970737481613
1980,3302,15574.0,527590.0,Norte Fluminense,2.951913417615952
1980,3303,19265.0,354123.0,Centro Fluminense,5.440200156442818
1980,3304,26944.0,225485.0,Baixadas,11.949353615539836
1980,3305,59665.0,678243.0,Sul Fluminense,8.796994587485607
1980,3306,387144.0,9276408.0,Metropolitana do Rio de Janeiro,4.173425748414688
1980,3501,75201.0,1040241.0,São José do Rio Preto,7.229190158818966
1980,3502,116843.0,1348482.0,Ribeirão Preto,8.664780100883808
1980,3503,47843.0,491392.0,Araçatuba,9.73621874185986
1980,3504,87125.0,888789.0,Bauru,9.802664074375357
1980,3505,57565.0,450997.0,Araraquara,12.76394299740353
1980,3506,94418.0,750394.0,Piracicaba,12.582456682755993
1980,3507,316147.0,1927820.0,Campinas,16.399197020468716
1980,3508,58030.0,683087.0,Presidente Prudente,8.495257558700429
1980,3509,35122.0,327550.0,Marília,10.722637765226683
1980,3510,33008.0,381005.0,Assis,8.663403367409877
1980,3511,41924.0,522116.0,Itapetininga,8.029633261574057
1980,3512,197615.0,1273426.0,Macro Metropolitana Paulista,15.518373270217507
1980,3513,131305.0,1221221.0,Vale do Paraíba Paulista,10.751944160803
1980,3514,30622.0,241369.0,Litoral Sul Paulista,12.686799050416582
1980,3515,1303182.0,13494185.0,Metropolitana de São Paulo,9.657359818321744
1980,4101,64106.0,746543.0,Noroeste Paranaense,8.587047229697419
1980,4102,43319.0,406734.0,Centro Ocidental Paranaense,10.650449679643206
1980,4103,133935.0,1459566.0,Norte Central Paranaense,9.17635790365081
1980,4104,30937.0,571713.0,Norte Pioneiro Paranaense,5.411281534616145
1980,4105,46238.0,472655.0,Centro Oriental Paranaense,9.782610995334863
1980,4106,125092.0,960775.0,Oeste Paranaense,13.019905805209337
1980,4107,35465.0,521269.0,Sudoeste Paranaense,6.803588933928547
1980,4108,52933.0,484245.0,Centro-Sul Paranaense,10.931036975084925
1980,4109,17769.0,302530.0,Sudeste Paranaense,5.8734670941724785
1980,4110,238503.0,1703819.0,Metropolitana de Curitiba,13.99814182140239
1980,4201,58097.0,931330.0,Oeste Catarinense,6.238068139112881
1980,4202,72143.0,610697.0,Norte Catarinense,11.813223251465129
1980,4203,15651.0,349638.0,Serrana,4.47634410447377
1980,4204,47760.0,723221.0,Vale do Itajaí,6.603790542586568
1980,4205,44316.0,446281.0,Grande Florianópolis,9.930066482776546
1980,4206,25109.0,567125.0,Sul Catarinense,4.42741899933877
1980,4301,46733.0,1905566.0,Noroeste Rio-grandense,2.452447199414767
1980,4302,42237.0,648540.0,Nordeste Rio-grandense,6.51262836525118
1980,4303,26412.0,430890.0,Centro Ocidental Rio-grandense,6.129638654877115
1980,4304,28691.0,585851.0,Centro Oriental Rio-grandense,4.897320308406062
1980,4305,248221.0,2877991.0,Metropolitana de Porto Alegre,8.624801119947907
1980,4306,29247.0,606267.0,Sudoeste Rio-grandense,4.824112148607791
1980,4307,24388.0,718744.0,Sudeste Rio-grandense,3.3931413688322962
1980,5001,17461.0,182157.0,Pantanais Sul Mato-grossense,9.585687072141065
1980,5002,80641.0,416408.0,Centro Norte de Mato Grosso do Sul,19.36586232733281
1980,5003,35449.0,212720.0,Leste de Mato Grosso do Sul,16.664629559984956
1980,5004,90083.0,558484.0,Sudoeste de Mato Grosso do Sul,16.129915986850115
1980,5101,97888.0,164472.0,Norte Mato-grossense,59.516513449097715
1980,5102,22717.0,102027.0,Nordeste Mato-grossense,22.26567477236418
1980,5103,34801.0,177765.0,Sudoeste Mato-grossense,19.57696959468962
1980,5104,59152.0,474722.0,Centro-Sul Mato-grossense,12.460345212566512
1980,5105,25883.0,219932.0,Sudeste Mato-grossense,11.76863757888802
1980,5201,26118.0,196848.0,Noroeste Goiano,13.268105340160936
1980,5202,29546.0,238423.0,Norte Goiano,12.392260813763773
1980,5203,159695.0,1571958.0,Centro Goiano,10.158986436024373
1980,5204,67389.0,328653.0,Leste Goiano,20.504605161066536
1980,5205,52273.0,785243.0,Sul Goiano,6.656920214506847
1980,5301,268717.0,1176908.0,Distrito Federal,22.83245589289902
1990,1101,52005.40319263935,306816.0,Madeira-Guaporé,16.950029722256776
1990,1102,84115.01284646988,645635.0,Leste Rondoniense,13.028260990570505
1990,1201,1629.7753393650055,125535.0,Vale do Juruá,1.2982637028438329
1990,1202,16519.217826128006,289689.0,Vale do Acre,5.702397338569296
1990,1301,1486.7773163318634,74817.0,Norte Amazonense,1.9872185684160864
1990,1302,1664.3498183488846,229572.0,Sudoeste Amazonense,0.7249794479940431
1990,1303,60363.59481191635,1534090.0,Centro Amazonense,3.9348144380001404
1990,1304,3854.9410333633423,191269.0,Sul Amazonense,2.0154552140510704
1990,1401,27521.345639824867,151855.0,Norte de Roraima,18.123437252526994
1990,1402,7170.586418509483,32272.0,Sul de Roraima,22.219219194687295
1990,1501,23510.817246079445,536327.0,Baixo Amazonas,4.3836721339927776
1990,1502,3435.3275594711304,319101.0,Marajó,1.0765643352641108
1990,1503,112657.48778355122,1585997.0,Metropolitana de Belém,7.103259828584242
1990,1504,37631.728009700775,1200695.0,Nordeste Paraense,3.1341621319070017
1990,1505,43517.43870437145,288743.0,Sudoeste Paraense,15.071339808885913
1990,1506,130951.56990301609,789730.0,Sudeste Paraense,16.581815291684006
1990,1601,1405.7661467790604,24160.0,Norte do Amapá,5.818568488323925
1990,1602,22468.080314040184,278724.0,Sul do Amapá,8.06104975317525
1990,1701,62435.029789209366,643361.0,Ocidental do Tocantins,9.704509566046024
1990,1702,28256.80432200432,289184.0,Oriental do Tocantins,9.771219819216942
1990,2101,59948.59327363968,1754076.0,Norte Maranhense,3.417673651178152
1990,2102,85213.42247867584,987476.0,Oeste Maranhense,8.629417067217416
1990,2103,31903.844232797623,776740.0,Centro Maranhense,4.107403279449703
1990,2104,35784.81819975376,1032122.0,Leste Maranhense,3.4671112717056474
1990,2105,11458.869010925293,212118.0,Sul Maranhense,5.402120051539847
1990,2201,18558.85035777092,516681.0,Norte Piauiense,3.5919359058627895
1990,2202,56624.039877295494,1108235.0,Centro-Norte Piauiense,5.1093892430121315
1990,2203,13658.359009027481,420011.0,Sudoeste Piauiense,3.2519050713022946
1990,2204,13288.896567821503,427950.0,Sudeste Piauiense,3.1052451379416994
1990,2301,26216.515691161156,1016566.0,Noroeste Cearense,2.578929030792015
1990,2302,30016.691195607185,747365.0,Norte Cearense,4.016336220669577
1990,2303,177964.2816659212,2263443.0,Metropolitana de Fortaleza,7.862547528960138
1990,2304,23896.501423478127,774480.0,Sertões Cearenses,3.085489802638948
1990,2305,14899.321117281914,428799.0,Jaguaribe,3.4746632145321965
1990,2306,14703.814039349556,325117.0,Centro-Sul Cearense,4.522622329607358
1990,2307,29640.048601984978,683198.0,Sul Cearense,4.338427308333013
1990,2401,25892.89545094967,657047.0,Oeste Potiguar,3.9407980632967914
1990,2402,16719.434461712837,325117.0,Central Potiguar,5.142590040420168
1990,2403,16371.591913938522,352186.0,Agreste Potiguar,4.648564086573153
1990,2404,87657.6028316021,976876.0,Leste Potiguar,8.973257898812346
1990,2501,22283.410324573517,787388.0,Sertão Paraibano,2.8300419011432125
1990,2502,10623.406673192978,266224.0,Borborema,3.990401569051993
1990,2503,46371.88648366928,1081403.0,Agreste Paraibano,4.288122604030993
1990,2504,68147.83876860142,969874.0,Mata Paraibana,7.026463104341535
1990,2601,41171.330213427544,834054.0,Sertão Pernambucano,4.936290721395443
1990,2602,35886.10744678974,364413.0,São Francisco Pernambucano,9.84764743485818
1990,2603,64571.96373975277,1795897.0,Agreste Pernambucano,3.5955271232009838
1990,2604,39375.11253750324,1107354.0,Mata Pernambucana,3.5557836552270765
1990,2605,132592.2201783657,2826515.0,Metropolitana de Recife,4.691014205775158
1990,2701,15642.488029837608,357839.0,Sertão Alagoano,4.371375962328759
1990,2702,18570.329372286797,512565.0,Agreste Alagoano,3.6230193970104856
1990,2703,58690.56011044979,1518972.0,Leste Alagoano,3.863834231997021
1990,2801,7100.329113841057,165417.0,Sertão Sergipano,4.292381746640948
1990,2802,17188.389298558235,344772.0,Agreste Sergipano,4.9854365489535795
1990,2803,59027.516562104225,932466.0,Leste Sergipano,6.330259394133859
1990,2901,22909.073744773865,425383.0,Extremo Oeste Baiano,5.385516991693101
1990,2902,43749.05384707451,755277.0,Vale São-Franciscano da Bahia,5.792451490919823
1990,2903,61489.62364733219,1904135.0,Centro Norte Baiano,3.2292680743399074
1990,2904,35728.062955737114,1272536.0,Nordeste Baiano,2.8076268927352244
1990,2905,134967.62942564487,2994672.0,Metropolitana de Salvador,4.506925280152379
1990,2906,51792.17599153519,2250194.0,Centro Sul Baiano,2.3016760328902834
1990,2907,61771.44820511341,1782122.0,Sul Baiano,3.4661739322624046
1990,3101,16114.846310138702,300955.0,Noroeste de Minas,5.354570055369973
1990,3102,31300.210597753525,1290088.0,Norte de Minas,2.4262074058322787
1990,3103,16240.827802300453,638530.0,Jequitinhonha,2.5434713799352346
1990,3104,15490.649162650108,383210.0,Vale do Mucuri,4.042339490788369
1990,3105,93721.95278894901,1586231.0,Triângulo Mineiro/Alto Paranaíba,5.908468110190068
1990,3106,18676.089084982872,345469.0,Central Mineira,5.406010115229694
1990,3107,238744.23667418957,4512710.0,Metropolitana de Belo Horizonte,5.290484801243368
1990,3108,55741.89469707012,1444631.0,Vale do Rio Doce,3.8585559009234967
1990,3109,30626.43248820305,724364.0,Oeste de Minas,4.228044531230576
1990,3110,87154.74955952168,1934144.0,Sul/Sudoeste de Minas,4.506114826999524
1990,3111,19897.268047571182,461700.0,Campo das Vertentes,4.309566395402032
1990,3112,66929.71565723419,1815892.0,Zona da Mata,3.6857762277290824
1990,3201,18634.747020602226,363021.0,Noroeste Espírito-santense,5.133242159710382
1990,3202,36501.81581413746,392869.0,Litoral Norte Espírito-santense,9.291090876128546
1990,3203,130082.52673780918,1310945.0,Central Espírito-santense,9.922805818536185
1990,3204,19782.383741736412,443610.0,Sul Espírito-santense,4.459408882066773
1990,3301,13081.111632347107,263416.0,Noroeste Fluminense,4.965951814751992
1990,3302,21718.13886129856,606499.0,Norte Fluminense,3.580902666170688
1990,3303,19245.370931744576,404257.0,Centro Fluminense,4.7606772255630885
1990,3304,29598.47138082981,322034.0,Baixadas,9.191101368436193
1990,3305,33785.59833621979,792117.0,Sul Fluminense,4.265228285243189
1990,3306,220984.21020686626,10224981.0,Metropolitana do Rio de Janeiro,2.1612187857059713
1990,3501,85098.2106872797,1226078.0,São José do Rio Preto,6.940684906448015
1990,3502,117156.93170654774,1729078.0,Ribeirão Preto,6.775688066504099
1990,3503,44346.178993821144,564635.0,Araçatuba,7.853955031803049
1990,3504,87236.28028261662,1092906.0,Bauru,7.982047887248914
1990,3505,54038.42936551571,584996.0,Araraquara,9.237401514799368
1990,3506,81123.50981497765,982359.0,Piracicaba,8.258030904687354
1990,3507,270227.1345614195,2582982.0,Campinas,10.461828017439514
1990,3508,53147.87844491005,737705.0,Presidente Prudente,7.204489388700097
1990,3509,28992.84246611595,365703.0,Marília,7.927975014182533
1990,3510,35593.325709939,450251.0,Assis,7.905218580289439
1990,3511,42877.60059475899,627276.0,Itapetininga,6.835523851503802
1990,3512,173246.12504172325,1710118.0,Macro Metropolitana Paulista,10.130653267302213
1990,3513,113376.06660175323,1578404.0,Vale do Paraíba Paulista,7.182956112741303
1990,3514,35811.95238637924,319464.0,Litoral Sul Paulista,11.21001189066037
1990,3515,866494.5496304035,16163267.0,Metropolitana de São Paulo,5.3608874346405555
1990,4101,44546.02297890186,672979.0,Noroeste Paranaense,6.619229274450149
1990,4102,29313.253799915314,375145.0,Centro Ocidental Paranaense,7.813846326064672
1990,4103,131170.85354459286,1624909.0,Norte Central Paranaense,8.072504586077919
1990,4104,25685.2728651762,552004.0,Norte Pioneiro Paranaense,4.6530954241592815
1990,4105,29717.357649326324,540460.0,Centro Oriental Paranaense,5.4985304461618485
1990,4106,85526.30911052227,1034406.0,Oeste Paranaense,8.268156711245128
1990,4107,29023.910826325417,490742.0,Sudoeste Paranaense,5.9142911807681875
1990,4108,34001.198110461235,510913.0,Centro-Sul Paranaense,6.654987857122687
1990,4109,16700.66420698166,339020.0,Sudeste Paranaense,4.926158989729709
1990,4110,195443.08383083344,2347995.0,Metropolitana de Curitiba,8.32382879140856
1990,4201,43869.15341806412,1022937.0,Oeste Catarinense,4.288548895783818
1990,4202,75933.92922246456,813834.0,Norte Catarinense,9.330395292217402
1990,4203,15351.711153268814,363778.0,Serrana,4.220076847216933
1990,4204,65510.95892226696,931915.0,Vale do Itajaí,7.029713967718833
1990,4205,50351.54082214832,585206.0,Grande Florianópolis,8.604071185556593
1990,4206,27580.22228682041,689967.0,Sul Catarinense,3.9973248411620284
1990,4301,52778.155376791954,1936667.0,Noroeste Rio-grandense,2.7252054884392596
1990,4302,47166.10491275787,778048.0,Nordeste Rio-grandense,6.06210733949035
1990,4303,26832.032756090164,476565.0,Centro Ocidental Rio-grandense,5.630298648891581
1990,4304,31867.014607310295,655949.0,Centro Oriental Rio-grandense,4.8581543088426535
1990,4305,205235.6107120514,3612077.0,Metropolitana de Porto Alegre,5.681927896665862
1990,4306,28467.99204659462,678213.0,Sudoeste Rio-grandense,4.197500202236557
1990,4307,22058.97762155533,799355.0,Sudeste Rio-grandense,2.7595971278787683
1990,5001,14648.218334078789,196025.0,Pantanais Sul Mato-grossense,7.472627641412467
1990,5002,86344.1515814066,624734.0,Centro Norte de Mato Grosso do Sul,13.820946447833252
1990,5003,35211.5050791502,263695.0,Leste de Mato Grosso do Sul,13.35311821579863
1990,5004,48371.69883430004,634107.0,Sudoeste de Mato Grosso do Sul,7.62831806529498
1990,5101,122601.05571746826,432193.0,Norte Mato-grossense,28.36720069910162
1990,5102,24657.262996196747,171368.0,Nordeste Mato-grossense,14.388487346643917
1990,5103,31421.521434664726,229106.0,Sudoeste Mato-grossense,13.714840045509384
1990,5104,78328.8539327383,708007.0,Centro-Sul Mato-grossense,11.063288065335273
1990,5105,33800.06804907322,283815.0,Sudeste Mato-grossense,11.909190158755957
1990,5201,22636.017688512802,209087.0,Noroeste Goiano,10.826123904648687
1990,5202,29531.199320793152,266618.0,Norte Goiano,11.07622115565834
1990,5203,155313.4967919588,2027504.0,Centro Goiano,7.660329981689743
1990,5204,100938.06099319458,581407.0,Leste Goiano,17.360998576417995
1990,5205,60939.19637680054,907660.0,Sul Goiano,6.71387924738344
1990,5301,183264.5283677578,1580057.0,Distrito Federal,11.598602352178295
2000,1101,57941.87052118778,472373.0,Madeira-Guaporé,12.266126667101588
2000,1102,57129.25421190262,908579.0,Leste Rondoniense,6.287758600177048
2000,1201,2660.058072090149,157978.0,Vale do Juruá,1.6838155136095843
2000,1202,16229.066857814789,399904.0,Vale do Acre,4.0582406922198295
2000,1301,3467.9867947101593,101720.0,Norte Amazonense,3.409346042774439
2000,1302,6102.795378446579,313169.0,Sudoeste Amazonense,1.9487226955562584
2000,1303,93537.75064826012,2167589.0,Centro Amazonense,4.3152899672521
2000,1304,7909.190501451492,234775.0,Sul Amazonense,3.3688384629758246
2000,1401,37284.456449627876,260596.0,Norte de Roraima,14.307378643428095
2000,1402,12903.465348482132,63801.0,Sul de Roraima,20.224550318148825
2000,1501,21220.43975007534,638320.0,Baixo Amazonas,3.3244203142742417
2000,1502,8749.961085915565,380555.0,Marajó,2.2992632039824903
2000,1503,120063.08338391781,2086551.0,Metropolitana de Belém,5.754140846972723
2000,1504,52394.69204056263,1475673.0,Nordeste Paraense,3.5505624918638907
2000,1505,22991.467445611954,422226.0,Sudoeste Paraense,5.445298831813283
2000,1506,112279.04186022282,1192640.0,Sudeste Paraense,9.4143280336248
2000,1601,4288.228343248367,36144.0,Norte do Amapá,11.864288244932402
2000,1602,42075.57689642906,440888.0,Sul do Amapá,9.543370855280493
2000,1701,62298.94453024864,764552.0,Ocidental do Tocantins,8.148424767739623
2000,1702,58146.2392783165,393138.0,Oriental do Tocantins,14.79028719643395
2000,2101,62780.68226647377,2147128.0,Norte Maranhense,2.923937569929402
2000,2102,66178.0554305315,1241181.0,Oeste Maranhense,5.331861785713083
2000,2103,26819.763357639313,843035.0,Centro Maranhense,3.1813345065909853
2000,2104,32325.15072309971,1169028.0,Leste Maranhense,2.7651305805421007
2000,2105,14664.052650213242,257181.0,Sul Maranhense,5.70184136861325
2000,2201,21119.482886075974,576343.0,Norte Piauiense,3.6643947937384462
2000,2202,56313.07320415974,1317847.0,Centro-Norte Piauiense,4.273111613423997
2000,2203,17941.233325481415,469304.0,Sudoeste Piauiense,3.8229448982922403
2000,2204,15834.93748652935,479933.0,Sudeste Piauiense,3.299405851760423
2000,2301,39561.8530510664,1178307.0,Noroeste Cearense,3.3575165938135307
2000,2302,35165.869787573814,876470.0,Norte Cearense,4.012216024230586
2000,2303,151381.7955120802,2930374.0,Metropolitana de Fortaleza,5.16595477273823
2000,2304,31664.29251587391,814125.0,Sertões Cearenses,3.8893649643327386
2000,2305,20040.794696688652,484830.0,Jaguaribe,4.133571498605419
2000,2306,17426.952715039253,357623.0,Centro-Sul Cearense,4.872995505053996
2000,2307,32374.929748654366,789868.0,Sul Cearense,4.098777232227963
2000,2401,22537.587335705757,742075.0,Oeste Potiguar,3.0371037072675615
2000,2402,17058.62321472168,360612.0,Central Potiguar,4.730464658614156
2000,2403,16433.06391775608,388785.0,Agreste Potiguar,4.226774159948579
2000,2404,86277.69499337673,1286037.0,Leste Potiguar,6.708803478700592
2000,2501,29426.39585351944,819855.0,Sertão Paraibano,3.589219539250165
2000,2502,12464.114513874054,277116.0,Borborema,4.497796776033883
2000,2503,41894.61108613014,1151229.0,Agreste Paraibano,3.639120547356794
2000,2504,69110.19842040539,1196594.0,Mata Paraibana,5.775576212182695
2000,2601,34696.8642411232,912534.0,Sertão Pernambucano,3.8022544081780185
2000,2602,32963.865755319595,465927.0,São Francisco Pernambucano,7.074899234283396
2000,2603,68980.60899424553,2000351.0,Agreste Pernambucano,3.4484252510807116
2000,2604,38400.0389598608,1210725.0,Mata Pernambucana,3.1716565660955873
2000,2605,114311.24934101105,3339616.0,Metropolitana de Recife,3.4228860246510693
2000,2701,13628.413254499435,413808.0,Sertão Alagoano,3.293414640243648
2000,2702,22360.462075948715,581860.0,Agreste Alagoano,3.8429282088386754
2000,2703,49628.23756599426,1832188.0,Leste Alagoano,2.7086869669484934
2000,2801,10434.145797848701,196364.0,Sertão Sergipano,5.313675519875691
2000,2802,18672.840067982674,404934.0,Agreste Sergipano,4.611329270444733
2000,2803,49040.81812441349,1183531.0,Leste Sergipano,4.143602332715703
2000,2901,28585.844550848007,496048.0,Extremo Oeste Baiano,5.762717428726254
2000,2902,46798.97746968269,877034.0,Vale São-Franciscano da Bahia,5.336050537343215
2000,2903,73973.29395282269,2081821.0,Centro Norte Baiano,3.553297519470823
2000,2904,47480.57662117481,1465232.0,Nordeste Baiano,3.2404818227539947
2000,2905,138171.3303425312,3717384.0,Metropolitana de Salvador,3.7168968915380063
2000,2906,73730.8353112936,2477798.0,Centro Sul Baiano,2.9756596506774806
2000,2907,77242.1263897419,1970451.0,Sul Baiano,3.920022694791289
2000,3101,20297.059469103813,334534.0,Noroeste de Minas,6.067263557397398
2000,3102,39702.891672849655,1495284.0,Norte de Minas,2.655207416975615
2000,3103,20039.40499341488,679850.0,Jequitinhonha,2.9476215331933338
2000,3104,15083.454655885696,382976.0,Vale do Mucuri,3.9384856116011697
2000,3105,113272.31220519543,1871237.0,Triângulo Mineiro/Alto Paranaíba,6.0533386313543085
2000,3106,19347.154700398445,381602.0,Central Mineira,5.069982521160383
2000,3107,244784.5456559658,5588300.0,Metropolitana de Belo Horizonte,4.380304308214766
2000,3108,60276.51460599899,1535178.0,Vale do Rio Doce,3.9263534655915464
2000,3109,44120.07562768459,839112.0,Oeste de Minas,5.257948358226863
2000,3110,117631.91977906227,2251628.0,Sul/Sudoeste de Minas,5.224305248427461
2000,3111,22220.09841787815,511956.0,Campo das Vertentes,4.340235961269748
2000,3112,82114.54119598866,2033478.0,Zona da Mata,4.038132755603388
2000,3201,19990.90170133114,387205.0,Noroeste Espírito-santense,5.162872819651383
2000,3202,30355.096572637558,459500.0,Litoral Norte Espírito-santense,6.606114596874333
2000,3203,118869.86157274246,1719008.0,Central Espírito-santense,6.915026664956909
2000,3204,24945.848296403885,531784.0,Sul Espírito-santense,4.69097383456514
2000,3301,13913.395250439644,297837.0,Noroeste Fluminense,4.671479786070785
2000,3302,29117.656720638275,699292.0,Norte Fluminense,4.163876709677542
2000,3303,20630.56521975994,452646.0,Centro Fluminense,4.557770359123894
2000,3304,63805.68197977543,462325.0,Baixadas,13.801045147845223
2000,3305,40273.430369496346,933983.0,Sul Fluminense,4.312008930515475
2000,3306,288047.02666437626,11546023.0,Metropolitana do Rio de Janeiro,2.494772673364467
2000,3501,94516.5688585043,1421152.0,São José do Rio Preto,6.650700900291052
2000,3502,103696.04111731052,2104682.0,Ribeirão Preto,4.926922029898604
2000,3503,43745.59475851059,635539.0,Araçatuba,6.883227427193389
2000,3504,86771.31000494957,1309726.0,Bauru,6.625149840878899
2000,3505,50192.10519552231,719326.0,Araraquara,6.977657584394601
2000,3506,82385.30812728405,1218951.0,Piracicaba,6.758705487528543
2000,3507,260730.70117020607,3271634.0,Campinas,7.96943365823335
2000,3508,52049.38108801842,803870.0,Presidente Prudente,6.474850546483688
2000,3509,30344.3913012743,418121.0,Marília,7.257322952273218
2000,3510,34380.44933342934,517504.0,Assis,6.643513737754556
2000,3511,48673.702543497086,748748.0,Itapetininga,6.500678805619125
2000,3512,191130.15827715397,2251083.0,Macro Metropolitana Paulista,8.490586898712928
2000,3513,125677.39813160896,1992110.0,Vale do Paraíba Paulista,6.308757956719707
2000,3514,53741.3433727026,424736.0,Litoral Sul Paulista,12.652881642409072
2000,3515,833927.4557862282,19198273.0,Metropolitana de São Paulo,4.34376287797464
2000,4101,43452.48995959759,641084.0,Noroeste Paranaense,6.777971367183955
2000,4102,20757.81281375885,346686.0,Centro Ocidental Paranaense,5.987496701268252
2000,4103,127697.33343303204,1829191.0,Norte Central Paranaense,6.9810825350131305
2000,4104,32515.96585714817,548190.0,Norte Pioneiro Paranaense,5.931513865110303
2000,4105,32298.45356106758,623356.0,Centro Oriental Paranaense,5.18138167613171
2000,4106,67630.11239624023,1138626.0,Oeste Paranaense,5.939624810626161
2000,4107,23947.937180042267,472626.0,Sudoeste Paranaense,5.066995294385469
2000,4108,28454.995170116425,533799.0,Centro-Sul Paranaense,5.330657264272961
2000,4109,15004.080088376999,377612.0,Sudeste Paranaense,3.97341188531535
2000,4110,233188.11993932724,3053473.0,Metropolitana de Curitiba,7.6368161742162854
2000,4201,45188.93256866932,1116963.0,Oeste Catarinense,4.045696461625794
2000,4202,68737.50355112553,1026606.0,Norte Catarinense,6.695607034356464
2000,4203,16297.681552052498,401184.0,Serrana,4.062395696750742
2000,4204,87893.74767565727,1187183.0,Vale do Itajaí,7.403555111188188
2000,4205,75454.56201946735,803255.0,Grande Florianópolis,9.393600042261468
2000,4206,33665.391021728516,822671.0,Sul Catarinense,4.09220587838012
2000,4301,52549.22014307976,1959688.0,Noroeste Rio-grandense,2.681509512895918
2000,4302,55689.26250123978,923118.0,Nordeste Rio-grandense,6.032734980927658
2000,4303,27661.507835507393,526558.0,Centro Ocidental Rio-grandense,5.253268934382802
2000,4304,34892.53756392002,732957.0,Centro Oriental Rio-grandense,4.760516314588717
2000,4305,182923.23647904396,4403498.0,Metropolitana de Porto Alegre,4.154043818778707
2000,4306,25807.859049797058,747115.0,Sudoeste Rio-grandense,3.454335550724729
2000,4307,24876.95593214035,894908.0,Sudeste Rio-grandense,2.7798338971313643
2000,5001,13886.981579780579,222589.0,Pantanais Sul Mato-grossense,6.238844498057217
2000,5002,79171.14671504498,827990.0,Centro Norte de Mato Grosso do Sul,9.561848176311909
2000,5003,32259.48504459858,317109.0,Leste de Mato Grosso do Sul,10.172995734778445
2000,5004,39337.83055484295,710382.0,Sudoeste de Mato Grosso do Sul,5.53756015141754
2000,5101,101173.93254947662,709128.0,Norte Mato-grossense,14.267372399549394
2000,5102,25084.883569598198,227659.0,Nordeste Mato-grossense,11.01862152148529
2000,5103,26860.436552524567,278110.0,Sudoeste Mato-grossense,9.658205944599104
2000,5104,59823.93984258175,931042.0,Centro-Sul Mato-grossense,6.425482399567555
2000,5105,35378.74592983723,359306.0,Sudeste Mato-grossense,9.846411117497961
2000,5201,18774.754665732384,219901.0,Noroeste Goiano,8.537821413150638
2000,5202,21826.038513064384,282521.0,Norte Goiano,7.725457050295159
2000,5203,199466.93656384945,2536110.0,Centro Goiano,7.8650743289466725
2000,5204,178865.79679346085,907456.0,Leste Goiano,19.71068534380299
2000,5205,75555.02942943573,1058208.0,Sul Goiano,7.139903443315088
2000,5301,204355.55414927006,2051146.0,Distrito Federal,9.96299406035797
2010,1101,63275.77637028694,611689.0,Madeira-Guaporé,10.344435876775117
2010,1102,40271.963445067406,950720.0,Leste Rondoniense,4.235943647453236
2010,1201,4140.0479435920715,206084.0,Vale do Juruá,2.00891284310867
2010,1202,16743.39041531086,527475.0,Vale do Acre,3.1742528869256095
2010,1301,3164.913028240204,121337.0,Norte Amazonense,2.608365979248048
2010,1302,4888.114684820175,351939.0,Sudoeste Amazonense,1.3889096362779274
2010,1303,79035.68063926697,2726732.0,Centro Amazonense,2.898549642548918
2010,1304,10758.705120325089,283977.0,Sul Amazonense,3.7885832727034545
2010,1401,22565.112466216087,362681.0,Norte de Roraima,6.221752026220312
2010,1402,9320.266029596329,87798.0,Sul de Roraima,10.615578976282293
2010,1501,21646.20968270302,736432.0,Baixo Amazonas,2.939335835854908
2010,1502,8141.44157397747,487010.0,Marajó,1.6717195897368577
2010,1503,97379.45029711723,2437297.0,Metropolitana de Belém,3.9953871151984037
2010,1504,50927.0765106678,1789387.0,Nordeste Paraense,2.8460627304584083
2010,1505,26233.489211678505,483411.0,Sudoeste Paraense,5.4267464355752155
2010,1506,122325.73404836655,1647514.0,Sudeste Paraense,7.424867652011852
2010,1601,5464.568863749504,53934.0,Norte do Amapá,10.131955471037758
2010,1602,36355.1745698452,615592.0,Sul do Amapá,5.905725638059819
2010,1701,57535.7798486948,870586.0,Ocidental do Tocantins,6.608856545900669
2010,1702,53288.84758782387,512859.0,Oriental do Tocantins,10.390545469188192
2010,2101,58981.727355480194,2605412.0,Norte Maranhense,2.2638157556455636
2010,2102,55243.24194395542,1409940.0,Oeste Maranhense,3.9181271503720314
2010,2103,26506.460436582565,915039.0,Centro Maranhense,2.896757453680397
2010,2104,34206.86825168133,1336005.0,Leste Maranhense,2.56038474793742
2010,2105,18907.126276016235,308393.0,Sul Maranhense,6.130854551178605
2010,2201,18849.4608874321,632883.0,Norte Piauiense,2.978348428924793
2010,2202,46811.505495905876,1446398.0,Centro-Norte Piauiense,3.2364194015689924
2010,2203,17067.119146943092,511616.0,Sudoeste Piauiense,3.335923651125667
2010,2204,13493.932122349739,519395.0,Sudeste Piauiense,2.59800963088781
2010,2301,35608.97236812115,1326771.0,Noroeste Cearense,2.683882325444342
2010,2302,36745.93437445164,1006582.0,Norte Cearense,3.6505654158778555
2010,2303,116847.04375815392,3468137.0,Metropolitana de Fortaleza,3.369158823834062
2010,2304,26948.43488049507,869778.0,Sertões Cearenses,3.0983118543461745
2010,2305,16778.376412510872,528274.0,Jaguaribe,3.176074615163887
2010,2306,13701.957485675812,376239.0,Centro-Sul Cearense,3.6418227471569433
2010,2307,29951.77249276638,876600.0,Sul Cearense,3.416811828971752
2010,2401,26241.142310857773,826707.0,Oeste Potiguar,3.174176862039123
2010,2402,15212.112734675407,381846.0,Central Potiguar,3.9838345130433233
2010,2403,18313.37327861786,426757.0,Agreste Potiguar,4.291288315977912
2010,2404,74378.4561843872,1532717.0,Leste Potiguar,4.852719463827126
2010,2501,27157.101952195168,863178.0,Sertão Paraibano,3.1461763335250863
2010,2502,12300.251828074455,298263.0,Borborema,4.123961680823453
2010,2503,39046.830030202866,1213279.0,Agreste Paraibano,3.2182894478683686
2010,2504,63907.361196517944,1391808.0,Mata Paraibana,4.5916793980576305
2010,2601,38632.456138134,996830.0,Sertão Pernambucano,3.8755310472331295
2010,2602,31636.89218723774,578203.0,São Francisco Pernambucano,5.471589076368981
2010,2603,71995.79787838459,2217600.0,Agreste Pernambucano,3.2465637571421624
2010,2604,39857.426250219345,1310638.0,Mata Pernambucana,3.0410705511529
2010,2605,98564.16745233536,3693177.0,Metropolitana de Recife,2.6688178620286913
2010,2701,12791.297612190247,432667.0,Sertão Alagoano,2.9563839193167603
2010,2702,21877.765845656395,623302.0,Agreste Alagoano,3.509978444743703
2010,2703,46466.36073553562,2064525.0,Leste Alagoano,2.250704677130847
2010,2801,8951.515938282013,224691.0,Sertão Sergipano,3.9839227820793948
2010,2802,18512.08577299118,446207.0,Agreste Sergipano,4.148766328854362
2010,2803,53682.042081832886,1397119.0,Leste Sergipano,3.842338561127068
2010,2901,37178.39980280399,579253.0,Extremo Oeste Baiano,6.41833530474663
2010,2902,39503.18565130234,964405.0,Vale São-Franciscano da Bahia,4.096119954925818
2010,2903,69654.74567556381,2226300.0,Centro Norte Baiano,3.1287223498883265
2010,2904,40499.72838103771,1545922.0,Nordeste Baiano,2.6197782540799412
2010,2905,131229.2601082325,4210499.0,Metropolitana de Salvador,3.11671514726004
2010,2906,67976.56543326378,2478787.0,Centro Sul Baiano,2.742331851557386
2010,2907,69109.28581702709,2011740.0,Sul Baiano,3.4352990852211067
2010,3101,17621.09062051773,366418.0,Noroeste de Minas,4.809013372846785
2010,3102,38348.14665186405,1610413.0,Norte de Minas,2.381261617477259
2010,3103,22079.22521030903,699413.0,Jequitinhonha,3.156822250988905
2010,3104,14369.760229468346,385413.0,Vale do Mucuri,3.7284056919378292
2010,3105,118574.23295557499,2144482.0,Triângulo Mineiro/Alto Paranaíba,5.52927154229203
2010,3106,19509.36396074295,412712.0,Central Mineira,4.7271133286027425
2010,3107,195252.9663066864,6236117.0,Metropolitana de Belo Horizonte,3.131002293681892
2010,3108,50584.59480512142,1620993.0,Vale do Rio Doce,3.120593044209409
2010,3109,48564.61654257774,955030.0,Oeste de Minas,5.085140418895505
2010,3110,91558.52579784393,2438611.0,Sul/Sudoeste de Minas,3.754535914003666
2010,3111,20126.56091403961,554354.0,Campo das Vertentes,3.63063329822453
2010,3112,64726.6265989542,2173374.0,Zona da Mata,2.978163288921014
2010,3201,20821.110068678856,413065.0,Noroeste Espírito-santense,5.040637688663734
2010,3202,41039.85771214962,548850.0,Litoral Norte Espírito-santense,7.477426931247084
2010,3203,112856.19966006279,1987103.0,Central Espírito-santense,5.679433811939431
2010,3204,18678.885761976242,565934.0,Sul Espírito-santense,3.300541363829747
2010,3301,12155.000747919083,317493.0,Noroeste Fluminense,3.8284310986129086
2010,3302,41129.71168231964,849515.0,Norte Fluminense,4.841552142377667
2010,3303,17973.22132563591,481357.0,Centro Fluminense,3.7338651615403764
2010,3304,97814.08768939972,700842.0,Baixadas,13.956653238447428
2010,3305,40149.289939284325,1062237.0,Sul Fluminense,3.779692285175938
2010,3306,230778.04080486298,12578485.0,Metropolitana do Rio de Janeiro,1.8347045833012718
2010,3501,91043.62313556671,1569220.0,São José do Rio Preto,5.801839330085438
2010,3502,112697.8966357708,2376360.0,Ribeirão Preto,4.742458913454644
2010,3503,45956.54589796066,695801.0,Araçatuba,6.604840449778121
2010,3504,76335.28862476349,1454111.0,Bauru,5.249619088554002
2010,3505,47289.29140937328,810926.0,Araraquara,5.831517476239914
2010,3506,71827.03497719765,1377257.0,Piracicaba,5.215223809150917
2010,3507,207545.52691948414,3785620.0,Campinas,5.482471217911046
2010,3508,52313.240288734436,848124.0,Presidente Prudente,6.1681122440509215
2010,3509,22598.305881500244,440058.0,Marília,5.135301683300893
2010,3510,28289.63655424118,553778.0,Assis,5.108479671319767
2010,3511,45009.51485836506,824453.0,Itapetininga,5.459318464286631
2010,3512,167272.8490345478,2644519.0,Macro Metropolitana Paulista,6.325265541088863
2010,3513,99590.53695607185,2264594.0,Vale do Paraíba Paulista,4.397721488093312
2010,3514,45182.37509858608,462390.0,Litoral Sul Paulista,9.771486212631347
2010,3515,630474.4821237326,21154988.0,Metropolitana de São Paulo,2.9802639553552694
2010,4101,41091.5536608696,678319.0,Noroeste Paranaense,6.057850902137431
2010,4102,18379.035870313644,334125.0,Centro Ocidental Paranaense,5.500646725121928
2010,4103,108476.32273340225,2037183.0,Norte Central Paranaense,5.324819750282731
2010,4104,23043.90868794918,546224.0,Norte Pioneiro Paranaense,4.218765321177608
2010,4105,28146.877954006195,689279.0,Centro Oriental Paranaense,4.083524661857709
2010,4106,60239.60935211182,1219558.0,Oeste Paranaense,4.939462440663897
2010,4107,32051.77891945839,497127.0,Sudoeste Paranaense,6.447402558995667
2010,4108,22088.632047891617,544190.0,Centro-Sul Paranaense,4.058992640050647
2010,4109,13454.000999689102,404779.0,Sudeste Paranaense,3.3237892775289977
2010,4110,173665.60245633125,3493742.0,Metropolitana de Curitiba,4.970762078491521
2010,4201,57523.410474419594,1200712.0,Oeste Catarinense,4.790775013027237
2010,4202,78178.02312612534,1212843.0,Norte Catarinense,6.445848566230364
2010,4203,16412.508513092995,406741.0,Serrana,4.035125181157787
2010,4204,146534.83167397976,1508980.0,Vale do Itajaí,9.710853137482257
2010,4205,97320.73247420788,994095.0,Grande Florianópolis,9.789882503604574
2010,4206,41008.21974384785,925065.0,Sul Catarinense,4.433009544610146
2010,4301,57882.381914258,1946510.0,Noroeste Rio-grandense,2.9736493475121115
2010,4302,64701.42621767521,1054203.0,Nordeste Rio-grandense,6.137473163866467
2010,4303,24979.109399318695,536938.0,Centro Ocidental Rio-grandense,4.652140358722738
2010,4304,31285.428355574608,778841.0,Centro Oriental Rio-grandense,4.016921086020717
2010,4305,134454.73415637016,4742302.0,Metropolitana de Porto Alegre,2.835220830650814
2010,4306,23462.6940253973,723005.0,Sudoeste Rio-grandense,3.2451634532814158
2010,4307,26252.540991187096,912130.0,Sudeste Rio-grandense,2.878157827413537
2010,5001,12715.108721256256,244099.0,Pantanais Sul Mato-grossense,5.208996645318603
2010,5002,68088.84633851051,991025.0,Centro Norte de Mato Grosso do Sul,6.870547800359276
2010,5003,38711.161427497864,381394.0,Leste de Mato Grosso do Sul,10.149913587392005
2010,5004,45386.63800430298,832506.0,Sudoeste de Mato Grosso do Sul,5.4518091166073255
2010,5101,93354.84420323372,942751.0,Norte Mato-grossense,9.902386123508085
2010,5102,22701.827491044998,276901.0,Nordeste Mato-grossense,8.198535755033387
2010,5103,26071.70194900036,320119.0,Sudoeste Mato-grossense,8.144378168431226
2010,5104,44875.49714887142,1047416.0,Centro-Sul Mato-grossense,4.284400577122311
2010,5105,41620.36982011795,447935.0,Sudeste Mato-grossense,9.291609233508868
2010,5201,17503.922578454018,220541.0,Noroeste Goiano,7.936811104717044
2010,5202,20210.40077650547,294110.0,Norte Goiano,6.871714928600004
2010,5203,200223.25598967075,3056794.0,Centro Goiano,6.550106287491756
2010,5204,135165.3873873949,1159722.0,Leste Goiano,11.654981744538338
2010,5205,104753.10450136662,1272621.0,Sul Goiano,8.231288380544296
2010,5301,187412.25079536438,2570160.0,Distrito Federal,7.291851511009602
