decade,orig_id,outflow,orig_pop,orig_name,outflow_pop_pct
1980,1101,9543.0,168633.0,Madeira-Guaporé,5.659034708509011
1980,1102,6723.0,322392.0,Leste Rondoniense,2.0853495123948487
1980,1201,7066.0,105777.0,Vale do Juruá,6.6800911351238925
1980,1202,8164.0,195499.0,Vale do Acre,4.175980439797646
1980,1301,1839.0,49403.0,Norte Amazonense,3.7224460053033215
1980,1302,6158.0,163811.0,Sudoeste Amazonense,3.7592103094419786
1980,1303,29318.0,1052803.0,Centro Amazonense,2.7847565024035834
1980,1304,9841.0,164511.0,Sul Amazonense,5.981970810462522
1980,1401,2472.0,67017.0,Norte de Roraima,3.688616321231926
1980,1402,234.0,12104.0,Sul de Roraima,1.9332452081956377
1980,1501,24454.0,467422.0,Baixo Amazonas,5.231675017436064
1980,1502,17241.0,283029.0,Marajó,6.09160192065124
1980,1503,62279.0,1175563.0,Metropolitana de Belém,5.29780198934468
1980,1504,68594.0,1008983.0,Nordeste Paraense,6.798330596253852
1980,1505,9397.0,104209.0,Sudoeste Paraense,9.017455306163574
1980,1506,20413.0,364292.0,Sudeste Paraense,5.603471940092014
1980,1601,1504.0,17373.0,Norte do Amapá,8.657111609969492
1980,1602,7011.0,157885.0,Sul do Amapá,4.440573835386515
1980,1701,60083.0,527080.0,Ocidental do Tocantins,11.399218334977613
1980,1702,24235.0,211969.0,Oriental do Tocantins,11.433275620491676
1980,2101,79112.0,1425215.0,Norte Maranhense,5.550881796781538
1980,2102,71448.0,733355.0,Oeste Maranhense,9.742621240736069
1980,2103,88771.0,734298.0,Centro Maranhense,12.089233526442943
1980,2104,83953.0,934489.0,Leste Maranhense,8.98384036623224
1980,2105,17250.0,169087.0,Sul Maranhense,10.201848752417394
1980,2201,41512.0,460343.0,Norte Piauiense,9.017623815285559
1980,2202,66519.0,906084.0,Centro-Norte Piauiense,7.341372323095872
1980,2203,29576.0,380967.0,Sudoeste Piauiense,7.763402079445202
1980,2204,31335.0,391802.0,Sudeste Piauiense,7.997662084420192
1980,2301,87619.0,902503.0,Noroeste Cearense,9.708444182457011
1980,2302,87001.0,672581.0,Norte Cearense,12.935393655188
1980,2303,81821.0,1627050.0,Metropolitana de Fortaleza,5.02879444393227
1980,2304,101523.0,773234.0,Sertões Cearenses,13.129660620200353
1980,2305,41377.0,387827.0,Jaguaribe,10.668932281661668
1980,2306,38164.0,306177.0,Centro-Sul Cearense,12.464685459717744
1980,2307,66526.0,619057.0,Sul Cearense,10.746344843851212
1980,2401,40526.0,568272.0,Oeste Potiguar,7.131444097192894
1980,2402,38725.0,299749.0,Central Potiguar,12.919142349098745
1980,2403,38216.0,317615.0,Agreste Potiguar,12.03217732160005
1980,2404,47981.0,713199.0,Leste Potiguar,6.727575333111797
1980,2501,84509.0,764450.0,Sertão Paraibano,11.054876054679836
1980,2502,28624.0,263526.0,Borborema,10.86192633743919
1980,2503,93051.0,996924.0,Agreste Paraibano,9.333810802027035
1980,2504,52083.0,745446.0,Mata Paraibana,6.986823995299458
1980,2601,79412.0,781957.0,Sertão Pernambucano,10.15554563741996
1980,2602,22785.0,271873.0,São Francisco Pernambucano,8.380751306676279
1980,2603,176883.0,1666418.0,Agreste Pernambucano,10.614563692902982
1980,2604,110240.0,1035528.0,Mata Pernambucana,10.64577684041378
1980,2605,144755.0,2387727.0,Metropolitana de Recife,6.062460239382475
1980,2701,25991.0,315923.0,Sertão Alagoano,8.227004681520498
1980,2702,41046.0,453509.0,Agreste Alagoano,9.050757537336635
1980,2703,69497.0,1213483.0,Leste Alagoano,5.727068281961923
1980,2801,11806.0,152206.0,Sertão Sergipano,7.756593038382192
1980,2802,28669.0,295095.0,Agreste Sergipano,9.715176468594859
1980,2803,34193.0,693078.0,Leste Sergipano,4.933499548391379
1980,2901,27230.0,345927.0,Extremo Oeste Baiano,7.871602968256308
1980,2902,55933.0,631596.0,Vale São-Franciscano da Bahia,8.855819226214226
1980,2903,100285.0,1590455.0,Centro Norte Baiano,6.30542832082643
1980,2904,66923.0,1089708.0,Nordeste Baiano,6.141369981683167
1980,2905,96013.0,2361515.0,Metropolitana de Salvador,4.065737460909628
1980,2906,133559.0,1901887.0,Centro Sul Baiano,7.022446654296496
1980,2907,82954.0,1534304.0,Sul Baiano,5.406620852190961
1980,3101,33295.0,278914.0,Noroeste de Minas,11.937371376123107
1980,3102,87275.0,1127127.0,Norte de Minas,7.7431380847056275
1980,3103,72955.0,604176.0,Jequitinhonha,12.075123804983978
1980,3104,74179.0,387772.0,Vale do Mucuri,19.129540038991983
1980,3105,106452.0,1337305.0,Triângulo Mineiro/Alto Paranaíba,7.960188588242771
1980,3106,42522.0,312667.0,Central Mineira,13.599772281692664
1980,3107,146601.0,3598468.0,Metropolitana de Belo Horizonte,4.073983706399501
1980,3108,178306.0,1394262.0,Vale do Rio Doce,12.788557674239131
1980,3109,41612.0,618946.0,Oeste de Minas,6.723042074752886
1980,3110,114617.0,1667651.0,Sul/Sudoeste de Minas,6.872960829334195
1980,3111,29055.0,413851.0,Campo das Vertentes,7.020642695076247
1980,3112,129223.0,1638966.0,Zona da Mata,7.884422251590332
1980,3201,58997.0,363320.0,Noroeste Espírito-santense,16.238302323021028
1980,3202,44455.0,320837.0,Litoral Norte Espírito-santense,13.855945542440553
1980,3203,43542.0,955452.0,Central Espírito-santense,4.557214805139347
1980,3204,28651.0,383729.0,Sul Espírito-santense,7.466467220356033
1980,3301,20109.0,229782.0,Noroeste Fluminense,8.751338224926235
1980,3302,34474.0,527590.0,Norte Fluminense,6.534240603498929
1980,3303,19864.0,354123.0,Centro Fluminense,5.609350423440443
1980,3304,11858.0,225485.0,Baixadas,5.258886400425749
1980,3305,32979.0,678243.0,Sul Fluminense,4.862416567513414
1980,3306,299954.0,9276408.0,Metropolitana do Rio de Janeiro,3.233514524156333
1980,3501,104143.0,1040241.0,São José do Rio Preto,10.011430043614894
1980,3502,78508.0,1348482.0,Ribeirão Preto,5.82195387109357
1980,3503,69759.0,491392.0,Araçatuba,14.196201810367283
1980,3504,79958.0,888789.0,Bauru,8.99628595763449
1980,3505,28718.0,450997.0,Araraquara,6.367669851462426
1980,3506,42941.0,750394.0,Piracicaba,5.722460467434441
1980,3507,100237.0,1927820.0,Campinas,5.199499953315144
1980,3508,105193.0,683087.0,Presidente Prudente,15.39964894662027
1980,3509,49516.0,327550.0,Marília,15.11708136162418
1980,3510,67768.0,381005.0,Assis,17.78664321990525
1980,3511,39691.0,522116.0,Itapetininga,7.601950524404539
1980,3512,72002.0,1273426.0,Macro Metropolitana Paulista,5.654195846480282
1980,3513,55559.0,1221221.0,Vale do Paraíba Paulista,4.549463201173252
1980,3514,20305.0,241369.0,Litoral Sul Paulista,8.412430759542444
1980,3515,685754.0,13494185.0,Metropolitana de São Paulo,5.0818482183251525
1980,4101,234753.0,746543.0,Noroeste Paranaense,31.445342063350672
1980,4102,148577.0,406734.0,Centro Ocidental Paranaense,36.52927957829933
1980,4103,329562.0,1459566.0,Norte Central Paranaense,22.5794517000259
1980,4104,140206.0,571713.0,Norte Pioneiro Paranaense,24.523843257018818
1980,4105,40401.0,472655.0,Centro Oriental Paranaense,8.547672192190921
1980,4106,243536.0,960775.0,Oeste Paranaense,25.347870208945903
1980,4107,76412.0,521269.0,Sudoeste Paranaense,14.658842171700217
1980,4108,58918.0,484245.0,Centro-Sul Paranaense,12.166981589897675
1980,4109,30096.0,302530.0,Sudeste Paranaense,9.948104320232705
1980,4110,107313.0,1703819.0,Metropolitana de Curitiba,6.298380285699361
1980,4201,61110.0,931330.0,Oeste Catarinense,6.561583971309847
1980,4202,31225.0,610697.0,Norte Catarinense,5.113010216195593
1980,4203,43096.0,349638.0,Serrana,12.325891350482499
1980,4204,41261.0,723221.0,Vale do Itajaí,5.705171724825468
1980,4205,26576.0,446281.0,Grande Florianópolis,5.954992482314954
1980,4206,37350.0,567125.0,Sul Catarinense,6.585849680405555
1980,4301,187707.0,1905566.0,Noroeste Rio-grandense,9.850459128678828
1980,4302,49240.0,648540.0,Nordeste Rio-grandense,7.5924384000986835
1980,4303,44850.0,430890.0,Centro Ocidental Rio-grandense,10.408688992550303
1980,4304,57867.0,585851.0,Centro Oriental Rio-grandense,9.877426171500945
1980,4305,92251.0,2877991.0,Metropolitana de Porto Alegre,3.2053957083257036
1980,4306,52512.0,606267.0,Sudoeste Rio-grandense,8.661530315850937
1980,4307,40035.0,718744.0,Sudeste Rio-grandense,5.570133455027102
1980,5001,23882.0,182157.0,Pantanais Sul Mato-grossense,13.110668269679453
1980,5002,38646.0,416408.0,Centro Norte de Mato Grosso do Sul,9.2808015215846
1980,5003,33632.0,212720.0,Leste de Mato Grosso do Sul,15.810455058292591
1980,5004,91461.0,558484.0,Sudoeste de Mato Grosso do Sul,16.37665537419156
1980,5101,6418.0,164472.0,Norte Mato-grossense,3.9021839583637337
1980,5102,9211.0,102027.0,Nordeste Mato-grossense,9.028002391523811
1980,5103,25991.0,177765.0,Sudoeste Mato-grossense,14.620988383540068
1980,5104,38365.0,474722.0,Centro-Sul Mato-grossense,8.081571951584296
1980,5105,36900.0,219932.0,Sudeste Mato-grossense,16.777913173162613
1980,5201,37261.0,196848.0,Noroeste Goiano,18.928818174429
1980,5202,36573.0,238423.0,Norte Goiano,15.33954358430185
1980,5203,132499.0,1571958.0,Centro Goiano,8.428914767442896
1980,5204,32410.0,328653.0,Leste Goiano,9.861464827644962
1980,5205,120974.0,785243.0,Sul Goiano,15.405931667012633
1980,5301,116331.0,1176908.0,Distrito Federal,9.884459957787694
1990,1101,27435.031935453415,306816.0,Madeira-Guaporé,8.941851772871498
1990,1102,74282.31010735035,645635.0,Leste Rondoniense,11.505310292556993
1990,1201,7990.657902598381,125535.0,Vale do Juruá,6.365282911218689
1990,1202,10670.082908987999,289689.0,Vale do Acre,3.6832889440013252
1990,1301,1336.0440685749054,74817.0,Norte Amazonense,1.7857493197734544
1990,1302,5467.1356790065765,229572.0,Sudoeste Amazonense,2.3814470749945884
1990,1303,35515.50161874294,1534090.0,Centro Amazonense,2.3150859218652715
1990,1304,11941.921997189522,191269.0,Sul Amazonense,6.243521949291062
1990,1401,5167.8878573179245,151855.0,Norte de Roraima,3.40317266953207
1990,1402,2235.177546620369,32272.0,Sul de Roraima,6.926058337321421
1990,1501,36230.04246175289,536327.0,Baixo Amazonas,6.75521509484939
1990,1502,17737.82688975334,319101.0,Marajó,5.55868734029456
1990,1503,77973.58279585838,1585997.0,Metropolitana de Belém,4.916376436768694
1990,1504,77101.31494998932,1200695.0,Nordeste Paraense,6.4213905238207305
1990,1505,28434.167843818665,288743.0,Sudoeste Paraense,9.847569583961747
1990,1506,81213.82932269573,789730.0,Sudeste Paraense,10.283746257923054
1990,1601,661.4505467414856,24160.0,Norte do Amapá,2.7377919981021757
1990,1602,6899.061641454697,278724.0,Sul do Amapá,2.4752305655252855
1990,1701,62038.10778045654,643361.0,Ocidental do Tocantins,9.642814497685832
1990,1702,19660.558374643326,289184.0,Oriental do Tocantins,6.798632833989199
1990,2101,68545.26405310631,1754076.0,Norte Maranhense,3.9077704759147442
1990,2102,101773.27131080627,987476.0,Oeste Maranhense,10.306404541559115
1990,2103,80695.93782222271,776740.0,Centro Maranhense,10.38905397201415
1990,2104,78912.82876098156,1032122.0,Leste Maranhense,7.645688083480592
1990,2105,18398.192021131516,212118.0,Sul Maranhense,8.673564723942105
1990,2201,35531.591921806335,516681.0,Norte Piauiense,6.876891529165256
1990,2202,63668.879631876945,1108235.0,Centro-Norte Piauiense,5.745070281292049
1990,2203,34633.296209692955,420011.0,Sudoeste Piauiense,8.245806945459275
1990,2204,26675.06588244438,427950.0,Sudeste Piauiense,6.233220208539405
1990,2301,63155.289546728134,1016566.0,Noroeste Cearense,6.21261084344038
1990,2302,65300.29768335819,747365.0,Norte Cearense,8.737403769691943
1990,2303,96608.13782727718,2263443.0,Metropolitana de Fortaleza,4.268193978256893
1990,2304,81291.54233646393,774480.0,Sertões Cearenses,10.496273930438996
1990,2305,35061.836473584175,428799.0,Jaguaribe,8.176753321156108
1990,2306,31757.74126946926,325117.0,Centro-Sul Cearense,9.768096183672112
1990,2307,53642.44625091553,683198.0,Sul Cearense,7.851669098989682
1990,2401,35152.489389538765,657047.0,Oeste Potiguar,5.350072276342296
1990,2402,30023.29381108284,325117.0,Central Potiguar,9.234612096901374
1990,2403,33692.64497971535,352186.0,Agreste Potiguar,9.566719000674459
1990,2404,43740.32810437679,976876.0,Leste Potiguar,4.47757218975354
1990,2501,72235.18432402611,787388.0,Sertão Paraibano,9.17402656936937
1990,2502,27415.467253923416,266224.0,Borborema,10.297894725465554
1990,2503,69053.72611892223,1081403.0,Agreste Paraibano,6.385568203428531
1990,2504,47278.66644310951,969874.0,Mata Paraibana,4.874722535412797
1990,2601,76464.93951237202,834054.0,Sertão Pernambucano,9.167864372375412
1990,2602,28532.216658711433,364413.0,São Francisco Pernambucano,7.829637432998118
1990,2603,123716.66922998428,1795897.0,Agreste Pernambucano,6.888851043795066
1990,2604,88977.03290712833,1107354.0,Mata Pernambucana,8.035102858447104
1990,2605,118683.37895703316,2826515.0,Metropolitana de Recife,4.198929740582773
1990,2701,25104.520495533943,357839.0,Sertão Alagoano,7.015590948871963
1990,2702,40614.76766824722,512565.0,Agreste Alagoano,7.923827742480899
1990,2703,69332.39836621284,1518972.0,Leste Alagoano,4.564428993175176
1990,2801,12044.295924782753,165417.0,Sertão Sergipano,7.28117178088271
1990,2802,23818.07513976097,344772.0,Agreste Sergipano,6.90835541742397
1990,2803,31892.27755010128,932466.0,Leste Sergipano,3.420208088026939
1990,2901,36561.601377248764,425383.0,Extremo Oeste Baiano,8.594984138352675
1990,2902,62631.752160429955,755277.0,Vale São-Franciscano da Bahia,8.292553878964931
1990,2903,121207.78481400013,1904135.0,Centro Norte Baiano,6.365503749156448
1990,2904,64761.378831744194,1272536.0,Nordeste Baiano,5.08915887894285
1990,2905,115015.84847974777,2994672.0,Metropolitana de Salvador,3.8406826684106896
1990,2906,140560.39141988754,2250194.0,Centro Sul Baiano,6.246589912686975
1990,2907,122634.05913472176,1782122.0,Sul Baiano,6.881350386489912
1990,3101,28429.127239465714,300955.0,Noroeste de Minas,9.44630500887698
1990,3102,81829.12693715096,1290088.0,Norte de Minas,6.342910478754237
1990,3103,56207.811754345894,638530.0,Jequitinhonha,8.80268926351869
1990,3104,46429.40367591381,383210.0,Vale do Mucuri,12.11591651468224
1990,3105,68817.0502243042,1586231.0,Triângulo Mineiro/Alto Paranaíba,4.338400284971369
1990,3106,27617.095383286476,345469.0,Central Mineira,7.994087858327802
1990,3107,136974.18659758568,4512710.0,Metropolitana de Belo Horizonte,3.0352977833183536
1990,3108,122428.16533327103,1444631.0,Vale do Rio Doce,8.474701521237675
1990,3109,28251.300862669945,724364.0,Oeste de Minas,3.900152528655475
1990,3110,80569.58173453808,1934144.0,Sul/Sudoeste de Minas,4.1656454604485535
1990,3111,20720.353957295418,461700.0,Campo das Vertentes,4.487839280332557
1990,3112,84402.81397223473,1815892.0,Zona da Mata,4.648008470340456
1990,3201,51963.12387084961,363021.0,Noroeste Espírito-santense,14.314082069866373
1990,3202,32625.075485110283,392869.0,Litoral Norte Espírito-santense,8.304314029640995
1990,3203,50555.8203291893,1310945.0,Central Espírito-santense,3.8564409894533562
1990,3204,25432.451159119606,443610.0,Sul Espírito-santense,5.733065340979601
1990,3301,14455.508506298065,263416.0,Noroeste Fluminense,5.4877108855567105
1990,3302,22961.193301320076,606499.0,Norte Fluminense,3.7858583940484776
1990,3303,13895.442566752434,404257.0,Centro Fluminense,3.4372793957191674
1990,3304,13105.182682394981,322034.0,Baixadas,4.069502811005975
1990,3305,33541.232607364655,792117.0,Sul Fluminense,4.234378583891604
1990,3306,309865.71570777893,10224981.0,Metropolitana do Rio de Janeiro,3.0304771784688787
1990,3501,59731.39057588577,1226078.0,São José do Rio Preto,4.871744748367214
1990,3502,57541.631036281586,1729078.0,Ribeirão Preto,3.327879426855329
1990,3503,37678.5650434494,564635.0,Araçatuba,6.673083504113171
1990,3504,50750.96606206894,1092906.0,Bauru,4.643671648071192
1990,3505,23098.409525990486,584996.0,Araraquara,3.9484730709253544
1990,3506,35068.2445653677,982359.0,Piracicaba,3.5697992857364467
1990,3507,89244.72293007374,2582982.0,Campinas,3.4551043301917606
1990,3508,63210.74866449833,737705.0,Presidente Prudente,8.56856720023564
1990,3509,30014.56027007103,365703.0,Marília,8.207359597835136
1990,3510,33928.2614839077,450251.0,Assis,7.535410578523468
1990,3511,33776.138306856155,627276.0,Itapetininga,5.384573665636204
1990,3512,61518.58555185795,1710118.0,Macro Metropolitana Paulista,3.5973298656500865
1990,3513,47863.525433301926,1578404.0,Vale do Paraíba Paulista,3.0324001607511084
1990,3514,18297.28348016739,319464.0,Litoral Sul Paulista,5.727494641076111
1990,3515,821636.3349500895,16163267.0,Metropolitana de São Paulo,5.083355579970865
1990,4101,113740.54792547226,672979.0,Noroeste Paranaense,16.901054553778387
1990,4102,66246.14655935764,375145.0,Centro Ocidental Paranaense,17.65881100890526
1990,4103,140875.41106963158,1624909.0,Norte Central Paranaense,8.669741571351476
1990,4104,77151.50567758083,552004.0,Norte Pioneiro Paranaense,13.976620763179403
1990,4105,41242.537872076035,540460.0,Centro Oriental Paranaense,7.631006526306486
1990,4106,118688.0547555685,1034406.0,Oeste Paranaense,11.474029999397578
1990,4107,80722.77479231358,490742.0,Sudoeste Paranaense,16.449126993881425
1990,4108,58834.388718008995,510913.0,Centro-Sul Paranaense,11.515539576798593
1990,4109,22267.67427945137,339020.0,Sudeste Paranaense,6.568247973409052
1990,4110,88728.0105727911,2347995.0,Metropolitana de Curitiba,3.7788841361583434
1990,4201,84166.32939970493,1022937.0,Oeste Catarinense,8.227909382464896
1990,4202,31797.848187685013,813834.0,Norte Catarinense,3.9071663493642452
1990,4203,35471.20916354656,363778.0,Serrana,9.750784589377743
1990,4204,31670.67034971714,931915.0,Vale do Itajaí,3.398450539986709
1990,4205,24850.182187199593,585206.0,Grande Florianópolis,4.2463990777947584
1990,4206,24571.711836457253,689967.0,Sul Catarinense,3.561287979926178
1990,4301,167373.852948308,1936667.0,Noroeste Rio-grandense,8.642366134617257
1990,4302,35580.50319516659,778048.0,Nordeste Rio-grandense,4.57304731779615
1990,4303,30999.83232009411,476565.0,Centro Ocidental Rio-grandense,6.504848723698574
1990,4304,34279.398498654366,655949.0,Centro Oriental Rio-grandense,5.225924347571895
1990,4305,101294.96809339523,3612077.0,Metropolitana de Porto Alegre,2.8043413275352447
1990,4306,40450.309299349785,678213.0,Sudoeste Rio-grandense,5.964248591423312
1990,4307,27401.793397426605,799355.0,Sudeste Rio-grandense,3.4279879899952594
1990,5001,21004.272207260132,196025.0,Pantanais Sul Mato-grossense,10.715098690095719
1990,5002,42949.44655907154,624734.0,Centro Norte de Mato Grosso do Sul,6.874837380240477
1990,5003,27676.255460500717,263695.0,Leste de Mato Grosso do Sul,10.495555645916957
1990,5004,71538.98662185669,634107.0,Sudoeste de Mato Grosso do Sul,11.28184779885046
1990,5101,49643.89305019379,432193.0,Norte Mato-grossense,11.486510204976431
1990,5102,19144.018640637398,171368.0,Nordeste Mato-grossense,11.171291396665303
1990,5103,26447.38844025135,229106.0,Sudoeste Mato-grossense,11.543734533469813
1990,5104,59822.51462960243,708007.0,Centro-Sul Mato-grossense,8.44942417654097
1990,5105,25247.955637693405,283815.0,Sudeste Mato-grossense,8.89592010207121
1990,5201,24098.097654104233,209087.0,Noroeste Goiano,11.525392613650888
1990,5202,36424.65806663036,266618.0,Norte Goiano,13.661740042544151
1990,5203,102854.6381188631,2027504.0,Centro Goiano,5.072968443902607
1990,5204,31792.109395980835,581407.0,Leste Goiano,5.46813323471868
1990,5205,65788.53428447247,907660.0,Sul Goiano,7.248147355229102
1990,5301,143564.7682762146,1580057.0,Distrito Federal,9.086049951122941
2000,1101,32132.588469862938,472373.0,Madeira-Guaporé,6.802376187856406
2000,1102,73201.809497118,908579.0,Leste Rondoniense,8.056735792607798
2000,1201,8436.551791906357,157978.0,Vale do Juruá,5.340333332430058
2000,1202,12707.730913162231,399904.0,Vale do Acre,3.177695375180601
2000,1301,3554.1231248378754,101720.0,Norte Amazonense,3.4940258797069164
2000,1302,10798.189680337906,313169.0,Sudoeste Amazonense,3.4480391355267943
2000,1303,51754.887842178345,2167589.0,Centro Amazonense,2.3876707181194563
2000,1304,15325.313873529434,234775.0,Sul Amazonense,6.527660046226998
2000,1401,11913.576170682907,260596.0,Norte de Roraima,4.571665018144142
2000,1402,6480.498858332634,63801.0,Sul de Roraima,10.157362515215489
2000,1501,55176.96865212917,638320.0,Baixo Amazonas,8.64409209364099
2000,1502,22448.47658443451,380555.0,Marajó,5.898878370914719
2000,1503,102786.24495863914,2086551.0,Metropolitana de Belém,4.926131446518161
2000,1504,84253.53990781307,1475673.0,Nordeste Paraense,5.709499320500752
2000,1505,36965.3401222229,422226.0,Sudoeste Paraense,8.754870643262826
2000,1506,85982.37307596207,1192640.0,Sudeste Paraense,7.209415504759363
2000,1601,2477.133880853653,36144.0,Norte do Amapá,6.853513393242732
2000,1602,16000.068100214005,440888.0,Sul do Amapá,3.629055020824791
2000,1701,71168.33057272434,764552.0,Ocidental do Tocantins,9.308501000942297
2000,1702,35731.87968969345,393138.0,Oriental do Tocantins,9.088889827412626
2000,2101,72642.86082494259,2147128.0,Norte Maranhense,3.383257114850283
2000,2102,111116.38820540905,1241181.0,Oeste Maranhense,8.952472540701883
2000,2103,76306.75414347649,843035.0,Centro Maranhense,9.051433706011789
2000,2104,80115.43306040764,1169028.0,Leste Maranhense,6.853166310850351
2000,2105,19818.1844291687,257181.0,Sul Maranhense,7.705928676367501
2000,2201,38571.51523756981,576343.0,Norte Piauiense,6.692458351636058
2000,2202,69640.92265617847,1317847.0,Centro-Norte Piauiense,5.284446726833879
2000,2203,30453.539571285248,469304.0,Sudoeste Piauiense,6.48908587424894
2000,2204,21357.384968996048,479933.0,Sudeste Piauiense,4.450076358365865
2000,2301,51366.39550065994,1178307.0,Noroeste Cearense,4.359338907488451
2000,2302,45396.02956068516,876470.0,Norte Cearense,5.1794162447870615
2000,2303,106717.88186824322,2930374.0,Metropolitana de Fortaleza,3.641783672263104
2000,2304,55116.22624182701,814125.0,Sertões Cearenses,6.769995546362907
2000,2305,24073.357727646828,484830.0,Jaguaribe,4.965319334126772
2000,2306,21816.542224287987,357623.0,Centro-Sul Cearense,6.100430404165277
2000,2307,40454.87776470184,789868.0,Sul Cearense,5.12172638525701
2000,2401,37461.63948619366,742075.0,Oeste Potiguar,5.048228209573649
2000,2402,22949.656162381172,360612.0,Central Potiguar,6.364085544125312
2000,2403,24765.416274785995,388785.0,Agreste Potiguar,6.36995158629731
2000,2404,49657.64299583435,1286037.0,Leste Potiguar,3.861291937621884
2000,2501,54675.04551756382,819855.0,Sertão Paraibano,6.6688677287525016
2000,2502,20902.76835024357,277116.0,Borborema,7.542966970598439
2000,2503,78550.29589700699,1151229.0,Agreste Paraibano,6.823168622142683
2000,2504,52564.07368135452,1196594.0,Mata Paraibana,4.392807726041959
2000,2601,66376.12448370457,912534.0,Sertão Pernambucano,7.273824809125421
2000,2602,30134.59941804409,465927.0,São Francisco Pernambucano,6.467665410685385
2000,2603,101128.83964562416,2000351.0,Agreste Pernambucano,5.0555547324256676
2000,2604,82595.32263016701,1210725.0,Mata Pernambucana,6.8219721761892265
2000,2605,115579.68455088139,3339616.0,Metropolitana de Recife,3.4608674934747405
2000,2701,28076.728932142258,413808.0,Sertão Alagoano,6.784965233185984
2000,2702,39184.38789963722,581860.0,Agreste Alagoano,6.734332640091641
2000,2703,83886.95273399353,1832188.0,Leste Alagoano,4.578512288804071
2000,2801,11451.918022990227,196364.0,Sertão Sergipano,5.831984489514487
2000,2802,22575.2121809721,404934.0,Agreste Sergipano,5.575034988657929
2000,2803,48071.60573041439,1183531.0,Leste Sergipano,4.061710739339687
2000,2901,37644.77901387215,496048.0,Extremo Oeste Baiano,7.588938774850851
2000,2902,65317.09442842007,877034.0,Vale São-Franciscano da Bahia,7.447498549476995
2000,2903,130892.2702755928,2081821.0,Centro Norte Baiano,6.287393117640412
2000,2904,73142.19603133202,1465232.0,Nordeste Baiano,4.991850848966718
2000,2905,138417.148807168,3717384.0,Metropolitana de Salvador,3.723509564983548
2000,2906,140630.0927157402,2477798.0,Centro Sul Baiano,5.675607645003354
2000,2907,147067.19336664677,1970451.0,Sul Baiano,7.463631085809633
2000,3101,27953.94420146942,334534.0,Noroeste de Minas,8.356084643554743
2000,3102,84537.17032516003,1495284.0,Norte de Minas,5.65358623011816
2000,3103,60261.768531918526,679850.0,Jequitinhonha,8.863980073827834
2000,3104,39341.5031542778,382976.0,Vale do Mucuri,10.272576650828722
2000,3105,76967.62468028069,1871237.0,Triângulo Mineiro/Alto Paranaíba,4.113194890881309
2000,3106,26375.901831150055,381602.0,Central Mineira,6.9118877341182845
2000,3107,155284.2837599516,5588300.0,Metropolitana de Belo Horizonte,2.7787392187239695
2000,3108,96975.74989795685,1535178.0,Vale do Rio Doce,6.3169059156629945
2000,3109,27549.5508967638,839112.0,Oeste de Minas,3.28317922956218
2000,3110,69456.04081499577,2251628.0,Sul/Sudoeste de Minas,3.084703193200465
2000,3111,19661.581718206406,511956.0,Campo das Vertentes,3.8404827208210093
2000,3112,75442.89964103699,2033478.0,Zona da Mata,3.7100425793166676
2000,3201,33606.40919089317,387205.0,Noroeste Espírito-santense,8.679229139833724
2000,3202,35875.333829283714,459500.0,Litoral Norte Espírito-santense,7.807471997667838
2000,3203,69926.74407577515,1719008.0,Central Espírito-santense,4.067854487924149
2000,3204,20977.607435703278,531784.0,Sul Espírito-santense,3.9447609246805615
2000,3301,16127.65190923214,297837.0,Noroeste Fluminense,5.414925583198911
2000,3302,27803.61310517788,699292.0,Norte Fluminense,3.975966135059157
2000,3303,16841.59625375271,452646.0,Centro Fluminense,3.7206992337837312
2000,3304,17068.47261941433,462325.0,Baixadas,3.69187749297882
2000,3305,37554.50274324417,933983.0,Sul Fluminense,4.02089789035177
2000,3306,309705.26840400696,11546023.0,Metropolitana do Rio de Janeiro,2.6823545077296913
2000,3501,55799.80172479153,1421152.0,São José do Rio Preto,3.926378158338554
2000,3502,84453.46952366829,2104682.0,Ribeirão Preto,4.0126474937148835
2000,3503,38748.72786164284,635539.0,Araçatuba,6.096986630504633
2000,3504,53248.30638599396,1309726.0,Bauru,4.065606576184176
2000,3505,29741.90283715725,719326.0,Araraquara,4.134690368088634
2000,3506,45918.01575410366,1218951.0,Piracicaba,3.7670107948640807
2000,3507,133196.42152953148,3271634.0,Campinas,4.071250681755095
2000,3508,53067.44569718838,803870.0,Presidente Prudente,6.601495975367706
2000,3509,23453.718717455864,418121.0,Marília,5.609313743499098
2000,3510,30920.51085984707,517504.0,Assis,5.974931760884374
2000,3511,36420.95516014099,748748.0,Itapetininga,4.8642474050202456
2000,3512,89971.88916659355,2251083.0,Macro Metropolitana Paulista,3.9968268236485973
2000,3513,64313.95232474804,1992110.0,Vale do Paraíba Paulista,3.228433787529205
2000,3514,23478.983619093895,424736.0,Litoral Sul Paulista,5.527900535648943
2000,3515,1032682.3753868341,19198273.0,Metropolitana de São Paulo,5.379037871723327
2000,4101,68298.41335058212,641084.0,Noroeste Paranaense,10.65358258053268
2000,4102,52098.87872183323,346686.0,Centro Ocidental Paranaense,15.0276846258093
2000,4103,110273.96668982506,1829191.0,Norte Central Paranaense,6.028564906006265
2000,4104,48833.80369460583,548190.0,Norte Pioneiro Paranaense,8.908189440632961
2000,4105,34279.309821128845,623356.0,Centro Oriental Paranaense,5.499154547502365
2000,4106,103077.89063358307,1138626.0,Oeste Paranaense,9.052831275026485
2000,4107,59843.60362827778,472626.0,Sudoeste Paranaense,12.66193642082276
2000,4108,48608.111016869545,533799.0,Centro-Sul Paranaense,9.106070078225988
2000,4109,26712.57896912098,377612.0,Sudeste Paranaense,7.074081059161514
2000,4110,109573.54697549343,3053473.0,Metropolitana de Curitiba,3.588489139268414
2000,4201,85153.42231035233,1116963.0,Oeste Catarinense,7.623656496262842
2000,4202,47168.19931471348,1026606.0,Norte Catarinense,4.594576625766212
2000,4203,29526.400801181793,401184.0,Serrana,7.35981514745897
2000,4204,45662.2310423851,1187183.0,Vale do Itajaí,3.8462672597556655
2000,4205,33330.72637569904,803255.0,Grande Florianópolis,4.149457690982197
2000,4206,27471.273541927338,822671.0,Sul Catarinense,3.3392782220264645
2000,4301,151813.58657836914,1959688.0,Noroeste Rio-grandense,7.746824319910575
2000,4302,36275.76623225212,923118.0,Nordeste Rio-grandense,3.92969980351939
2000,4303,29016.768184900284,526558.0,Centro Ocidental Rio-grandense,5.510649954022213
2000,4304,28966.885877490044,732957.0,Centro Oriental Rio-grandense,3.9520580167035777
2000,4305,117177.22565877438,4403498.0,Metropolitana de Porto Alegre,2.661003267374582
2000,4306,45695.29320657253,747115.0,Sudoeste Rio-grandense,6.116232869982872
2000,4307,34281.311084866524,894908.0,Sudeste Rio-grandense,3.8307078587817434
2000,5001,23722.43203830719,222589.0,Pantanais Sul Mato-grossense,10.657504206545333
2000,5002,53985.71062076092,827990.0,Centro Norte de Mato Grosso do Sul,6.520092105069013
2000,5003,28518.934617877007,317109.0,Leste de Mato Grosso do Sul,8.993416969520577
2000,5004,65304.61490738392,710382.0,Sudoeste de Mato Grosso do Sul,9.19288705335776
2000,5101,52129.49449968338,709128.0,Norte Mato-grossense,7.351210853285074
2000,5102,21343.50643825531,227659.0,Nordeste Mato-grossense,9.375208728078094
2000,5103,33298.62678194046,278110.0,Sudoeste Mato-grossense,11.973185711387746
2000,5104,70881.8916914463,931042.0,Centro-Sul Mato-grossense,7.613178749341738
2000,5105,30695.61855852604,359306.0,Sudeste Mato-grossense,8.543029773654222
2000,5201,31262.644262194633,219901.0,Noroeste Goiano,14.216690357112807
2000,5202,40868.33080637455,282521.0,Norte Goiano,14.465590453939548
2000,5203,118805.45139038563,2536110.0,Centro Goiano,4.684554352547233
2000,5204,36453.57420814037,907456.0,Leste Goiano,4.017117547092131
2000,5205,67120.72486662865,1058208.0,Sul Goiano,6.342866890689605
2000,5301,188576.79009401798,2051146.0,Distrito Federal,9.193728291112285
2010,1101,30666.549765348434,611689.0,Madeira-Guaporé,5.013421814900781
2010,1102,60572.76318526268,950720.0,Leste Rondoniense,6.371251597238165
2010,1201,8896.184608340263,206084.0,Vale do Juruá,4.31677597889223
2010,1202,12820.20631468296,527475.0,Vale do Acre,2.4304860542552653
2010,1301,4527.330495595932,121337.0,Norte Amazonense,3.7312035863717843
2010,1302,13093.631838440895,351939.0,Sudoeste Amazonense,3.7204265052866816
2010,1303,46113.31832802296,2726732.0,Centro Amazonense,1.6911569720831734
2010,1304,14320.18883049488,283977.0,Sul Amazonense,5.042728400713748
2010,1401,13055.939220547676,362681.0,Norte de Roraima,3.599840967833351
2010,1402,4425.117508292198,87798.0,Sul de Roraima,5.040111970992731
2010,1501,37696.12242567539,736432.0,Baixo Amazonas,5.118751279911165
2010,1502,22680.336443305016,487010.0,Marajó,4.657057646312194
2010,1503,102727.241964221,2437297.0,Metropolitana de Belém,4.214801969732084
2010,1504,80646.05741488934,1789387.0,Nordeste Paraense,4.506909763784432
2010,1505,30312.63101541996,483411.0,Sudoeste Paraense,6.270571214850295
2010,1506,91940.24239242077,1647514.0,Sudeste Paraense,5.580543922080223
2010,1601,3921.525822997093,53934.0,Norte do Amapá,7.270971600469265
2010,1602,16391.702835440636,615592.0,Sul do Amapá,2.662754362538928
2010,1701,68071.10923373699,870586.0,Ocidental do Tocantins,7.818998839142485
2010,1702,33762.19344437122,512859.0,Oriental do Tocantins,6.583133657471396
2010,2101,85414.12778937817,2605412.0,Norte Maranhense,3.278334781193077
2010,2102,101258.2152235508,1409940.0,Oeste Maranhense,7.1817393097260025
2010,2103,70225.72555828094,915039.0,Centro Maranhense,7.674615569203165
2010,2104,77213.56734609604,1336005.0,Leste Maranhense,5.779437004060317
2010,2105,19999.655479311943,308393.0,Sul Maranhense,6.485119791730662
2010,2201,32406.87417948246,632883.0,Norte Piauiense,5.120515826698214
2010,2202,71404.11219120026,1446398.0,Centro-Norte Piauiense,4.936684936732508
2010,2203,31231.17160832882,511616.0,Sudoeste Piauiense,6.104416517139577
2010,2204,28351.42251265049,519395.0,Sudeste Piauiense,5.458547447058692
2010,2301,50765.92463171482,1326771.0,Noroeste Cearense,3.8262763228707004
2010,2302,40916.9376437664,1006582.0,Norte Cearense,4.064938340221303
2010,2303,108884.433629632,3468137.0,Metropolitana de Fortaleza,3.139565525515053
2010,2304,52073.25994348526,869778.0,Sertões Cearenses,5.986959884417088
2010,2305,23605.21175146103,528274.0,Jaguaribe,4.4683652330913555
2010,2306,23015.212888598442,376239.0,Centro-Sul Cearense,6.117178944393974
2010,2307,41754.61655116081,876600.0,Sul Cearense,4.763246241291446
2010,2401,27861.798211216927,826707.0,Oeste Potiguar,3.3702143820261505
2010,2402,18719.383774280548,381846.0,Central Potiguar,4.902338580024551
2010,2403,22941.104974985123,426757.0,Agreste Potiguar,5.3756833455538215
2010,2404,50286.564865112305,1532717.0,Leste Potiguar,3.280877348206636
2010,2501,50545.51199376583,863178.0,Sertão Paraibano,5.855746091045628
2010,2502,15153.86656153202,298263.0,Borborema,5.080706142408553
2010,2503,55556.30275070667,1213279.0,Agreste Paraibano,4.579021210348706
2010,2504,47365.02835357189,1391808.0,Mata Paraibana,3.403129480041205
2010,2601,54479.51842415333,996830.0,Sertão Pernambucano,5.465276769775521
2010,2602,26695.766424417496,578203.0,São Francisco Pernambucano,4.6170231604501355
2010,2603,81527.21831083298,2217600.0,Agreste Pernambucano,3.6763716770758017
2010,2604,74320.16957116127,1310638.0,Mata Pernambucana,5.670533707336524
2010,2605,112883.78498005867,3693177.0,Metropolitana de Recife,3.05654955015854
2010,2701,29115.133520126343,432667.0,Sertão Alagoano,6.729224442845501
2010,2702,35627.24569416046,623302.0,Agreste Alagoano,5.715888236225852
2010,2703,92053.2184561491,2064525.0,Leste Alagoano,4.458808610026476
2010,2801,10678.573173642159,224691.0,Sertão Sergipano,4.752559369819957
2010,2802,22217.079043745995,446207.0,Agreste Sergipano,4.97909693118799
2010,2803,39346.76828444004,1397119.0,Leste Sergipano,2.81627894863931
2010,2901,34423.01061296463,579253.0,Extremo Oeste Baiano,5.942655560344898
2010,2902,62311.088460206985,964405.0,Vale São-Franciscano da Bahia,6.461091394197146
2010,2903,130415.33956313133,2226300.0,Centro Norte Baiano,5.857940958681729
2010,2904,75174.08090174198,1545922.0,Nordeste Baiano,4.862734400683992
2010,2905,134083.7389640808,4210499.0,Metropolitana de Salvador,3.1845094599020403
2010,2906,123698.30001747608,2478787.0,Centro Sul Baiano,4.9902754862550145
2010,2907,125362.72906255722,2011740.0,Sul Baiano,6.231557212291709
2010,3101,24057.38465631008,366418.0,Noroeste de Minas,6.565557548021681
2010,3102,81555.92879986763,1610413.0,Norte de Minas,5.0642865401525965
2010,3103,55161.58944630623,699413.0,Jequitinhonha,7.886840743066862
2010,3104,30080.557492136955,385413.0,Vale do Mucuri,7.80475943783343
2010,3105,76090.37308096886,2144482.0,Triângulo Mineiro/Alto Paranaíba,3.548193600177985
2010,3106,20911.36579787731,412712.0,Central Mineira,5.066817974247735
2010,3107,152860.2664130926,6236117.0,Metropolitana de Belo Horizonte,2.4512090843243097
2010,3108,74831.06751346588,1620993.0,Vale do Rio Doce,4.616372033282431
2010,3109,28667.098369836807,955030.0,Oeste de Minas,3.0016961110998404
2010,3110,74981.26449525356,2438611.0,Sul/Sudoeste de Minas,3.0747529841886863
2010,3111,20102.40076136589,554354.0,Campo das Vertentes,3.6262750447125645
2010,3112,73548.54878878593,2173374.0,Zona da Mata,3.3840723588662573
2010,3201,22899.225019454956,413065.0,Noroeste Espírito-santense,5.543734041725868
2010,3202,25054.535876750946,548850.0,Litoral Norte Espírito-santense,4.564914981643609
2010,3203,62069.7294703722,1987103.0,Central Espírito-santense,3.123629196391541
2010,3204,22441.469831943512,565934.0,Sul Espírito-santense,3.9653863934563947
2010,3301,13218.89129436016,317493.0,Noroeste Fluminense,4.163522123120876
2010,3302,28247.64137148857,849515.0,Norte Fluminense,3.325149217081343
2010,3303,15788.961712956429,481357.0,Centro Fluminense,3.280093924666397
2010,3304,22099.85117673874,700842.0,Baixadas,3.1533285928552712
2010,3305,33564.15485548973,1062237.0,Sul Fluminense,3.159761414400904
2010,3306,309244.17583072186,12578485.0,Metropolitana do Rio de Janeiro,2.458516870916663
2010,3501,54227.70461511612,1569220.0,São José do Rio Preto,3.455710774468597
2010,3502,75970.80677700043,2376360.0,Ribeirão Preto,3.196940142781415
2010,3503,31845.34714972973,695801.0,Araçatuba,4.576789505868737
2010,3504,52992.20369672775,1454111.0,Bauru,3.6443025117565133
2010,3505,32885.54000067711,810926.0,Araraquara,4.055307142782092
2010,3506,44949.4845610857,1377257.0,Piracicaba,3.263696213639553
2010,3507,120377.91014242172,3785620.0,Campinas,3.179873049656905
2010,3508,41271.13359665871,848124.0,Presidente Prudente,4.86616739965603
2010,3509,23882.242894768715,440058.0,Marília,5.427067089967394
2010,3510,28689.584173440933,553778.0,Assis,5.180701323172992
2010,3511,40699.089356184006,824453.0,Itapetininga,4.9364959987026555
2010,3512,88216.59061086178,2644519.0,Macro Metropolitana Paulista,3.33582744577981
2010,3513,66502.77860081196,2264594.0,Vale do Paraíba Paulista,2.9366314050470836
2010,3514,30413.26801967621,462390.0,Litoral Sul Paulista,6.577406090027079
2010,3515,779640.316734314,21154988.0,Metropolitana de São Paulo,3.6853734766208044
2010,4101,40364.02143919468,678319.0,Noroeste Paranaense,5.950595728439669
2010,4102,30104.701107263565,334125.0,Centro Ocidental Paranaense,9.01001155473657
2010,4103,88346.82804524899,2037183.0,Norte Central Paranaense,4.336715358671705
2010,4104,35938.21968924999,546224.0,Norte Pioneiro Paranaense,6.579392280319062
2010,4105,32706.04826617241,689279.0,Centro Oriental Paranaense,4.74496513983052
2010,4106,83602.24185621738,1219558.0,Oeste Paranaense,6.855126353663982
2010,4107,32938.83159208298,497127.0,Sudoeste Paranaense,6.625838385781295
2010,4108,54602.41064417362,544190.0,Centro-Sul Paranaense,10.033703420528422
2010,4109,21749.64991235733,404779.0,Sudeste Paranaense,5.373215980166296
2010,4110,120382.73953425884,3493742.0,Metropolitana de Curitiba,3.4456676976794176
2010,4201,64257.09955441952,1200712.0,Oeste Catarinense,5.35158302360762
2010,4202,51187.98365545273,1212843.0,Norte Catarinense,4.220495452045543
2010,4203,32930.77876126766,406741.0,Serrana,8.096252593485206
2010,4204,48664.275985240936,1508980.0,Vale do Itajaí,3.2249781962147237
2010,4205,43129.49343645573,994095.0,Grande Florianópolis,4.33856859117647
2010,4206,24682.740204930305,925065.0,Sul Catarinense,2.6682168501597516
2010,4301,108631.93930768967,1946510.0,Noroeste Rio-grandense,5.580856985460628
2010,4302,43470.61561655998,1054203.0,Nordeste Rio-grandense,4.123552638017534
2010,4303,34149.32457339764,536938.0,Centro Ocidental Rio-grandense,6.360012622201751
2010,4304,29111.80347955227,778841.0,Centro Oriental Rio-grandense,3.73783653910776
2010,4305,137027.8986492157,4742302.0,Metropolitana de Porto Alegre,2.8894806498872425
2010,4306,51084.81076955795,723005.0,Sudoeste Rio-grandense,7.065623442377017
2010,4307,33874.36759305,912130.0,Sudeste Rio-grandense,3.7137653177781678
2010,5001,20895.421914458275,244099.0,Pantanais Sul Mato-grossense,8.560224300164391
2010,5002,52270.79415476322,991025.0,Centro Norte de Mato Grosso do Sul,5.274417310841121
2010,5003,25324.310121417046,381394.0,Leste de Mato Grosso do Sul,6.6399340633090835
2010,5004,47766.3582777977,832506.0,Sudoeste de Mato Grosso do Sul,5.737659341529995
2010,5101,66566.34871923923,942751.0,Norte Mato-grossense,7.060862170312122
2010,5102,24351.224207043648,276901.0,Nordeste Mato-grossense,8.79419872338621
2010,5103,25851.726488232613,320119.0,Sudoeste Mato-grossense,8.075661390992916
2010,5104,60727.68936944008,1047416.0,Centro-Sul Mato-grossense,5.797857715505595
2010,5105,28896.89296889305,447935.0,Sudeste Mato-grossense,6.451135314028386
2010,5201,26002.858941555023,220541.0,Noroeste Goiano,11.790487456552308
2010,5202,27378.152807712555,294110.0,Norte Goiano,9.308813983785846
2010,5203,114029.19586765766,3056794.0,Centro Goiano,3.730352646192634
2010,5204,48027.44979989529,1159722.0,Leste Goiano,4.1412898780824445
2010,5205,57411.09257566929,1272621.0,Sul Goiano,4.511248248745643
2010,5301,175870.2197277546,2570160.0,Distrito Federal,6.842773201970095
